,overall_hash,map_hash,settings_hash,state,state_num,N_districts,N_VOTERS_STV,N_CANDIDATES_PER_DISTRICT_GROUP,DISTANCE_FUNCTION,N_STV_CANDIDATES_MAX,VOTER_RAW_FILENAME,N_VOTERS,FEATURE_COLS,GROUP_COL,LOADING_FROM_DATA,fraction_voters_Democrat,fraction_voters_Republican,fraction_winners_Democrat,fraction_winners_Republican,medians,total_voters,total_winners,cohesion_partisan_score,cohesion_geographic,run_label,voting_method
0,6726f18892773394297d0d0390b83ea17f30c28e571fd40ac5121607bcc0c248stv,7f30c28e571fd40ac5121607bcc0c248,6726f18892773394297d0d0390b83ea1,OH,39,1,100.0,1.0,party_first_then_partisanscore,,data/OH_individuals_with_FIP_more.csv,10000,['dem_partisan_score'],party,True,0.4265,0.5735,0.375,0.625,"[1.4, 99.2, 16.7, 99.4, 55.1, 14.5, 25.8, 3.6, 38.6, 20.6, 88.2, 89.8, 45.7, 2.2, 74.3, 12.3]",10000,16,-33.91666935475968,-119674.12094741774,teststvmultiple,stv
1,6726f18892773394297d0d0390b83ea1c1e2b02779176556d7beb9b1ef1bf14astv,c1e2b02779176556d7beb9b1ef1bf14a,6726f18892773394297d0d0390b83ea1,OH,39,2,100.0,1.0,party_first_then_partisanscore,,data/OH_individuals_with_FIP_more.csv,10000,['dem_partisan_score'],party,True,0.4265,0.5735,0.375,0.625,"[99.2, 20.6, 1.3, 73.0, 87.4, 45.7, 2.2, 12.3, 26.0, 99.5, 20.0, 77.3, 89.4, 1.4, 43.9, 12.7]",10000,16,-32.49324159550679,-97472.6309747383,teststvmultiple,stv
2,6726f18892773394297d0d0390b83ea180ea7c61fd0e0ffeaef8856f748874cdstv,80ea7c61fd0e0ffeaef8856f748874cd,6726f18892773394297d0d0390b83ea1,OH,39,2,100.0,1.0,party_first_then_partisanscore,,data/OH_individuals_with_FIP_more.csv,10000,['dem_partisan_score'],party,True,0.4265,0.5735,0.375,0.625,"[1.4, 25.8, 73.0, 5.3, 89.8, 20.9, 99.3, 12.7, 26.2, 16.7, 87.4, 2.0, 45.7, 74.3, 99.2, 12.3]",10000,16,-32.60799576529902,-75004.75989193362,teststvmultiple,stv
3,6726f18892773394297d0d0390b83ea1db2049f4a6b4bc9db7a5e5f4e3f8e804stv,db2049f4a6b4bc9db7a5e5f4e3f8e804,6726f18892773394297d0d0390b83ea1,OH,39,2,100.0,1.0,party_first_then_partisanscore,,data/OH_individuals_with_FIP_more.csv,10000,['dem_partisan_score'],party,True,0.4265,0.5735,0.375,0.625,"[26.2, 16.7, 87.4, 2.0, 45.7, 74.3, 99.2, 12.3, 1.0, 25.8, 3.6, 73.0, 89.8, 20.9, 99.3, 12.7]",10000,16,-32.61745777515515,-73963.05264643917,teststvmultiple,stv
4,129d557da7372aabbfbd5a87361fbe8b80ea7c61fd0e0ffeaef8856f748874cdthiele_pav,80ea7c61fd0e0ffeaef8856f748874cd,129d557da7372aabbfbd5a87361fbe8b,OH,39,2,,,,,data/OH_individuals_with_FIP_more.csv,10000,['dem_partisan_score'],party,True,0.4265,0.5735,0.4375,0.5625,"[29.9, 57.5, 29.9, 43.9, 57.5, 39.0, 50.4, 36.7, 45.4, 71.5, 45.4, 62.7, 45.4, 57.6, 45.4, 54.7]",10000,16,-14.630843103914344,-77086.06428836299,teststvmultiple,thiele_pav
5,129d557da7372aabbfbd5a87361fbe8b80ea7c61fd0e0ffeaef8856f748874cdthiele_squared,80ea7c61fd0e0ffeaef8856f748874cd,129d557da7372aabbfbd5a87361fbe8b,OH,39,2,,,,,data/OH_individuals_with_FIP_more.csv,10000,['dem_partisan_score'],party,True,0.4265,0.5735,0.4375,0.5625,"[29.9, 74.8, 29.9, 61.8, 29.9, 52.8, 29.9, 46.4, 45.4, 84.8, 45.4, 74.6, 45.4, 68.5, 45.4, 64.2]",10000,16,-14.630843103914344,-77086.06428836298,teststvmultiple,thiele_squared
6,129d557da7372aabbfbd5a87361fbe8bc1e2b02779176556d7beb9b1ef1bf14athiele_squared,c1e2b02779176556d7beb9b1ef1bf14a,129d557da7372aabbfbd5a87361fbe8b,OH,39,2,,,,,data/OH_individuals_with_FIP_more.csv,10000,['dem_partisan_score'],party,True,0.4265,0.5735,0.5,0.5,"[43.2, 83.6, 43.2, 72.8, 43.2, 66.9, 43.2, 62.7, 31.4, 76.3, 31.4, 63.3, 31.4, 55.3, 31.4, 50.1]",10000,16,-14.754805694259725,-97530.57531158552,teststvmultiple,thiele_squared
7,129d557da7372aabbfbd5a87361fbe8bdb2049f4a6b4bc9db7a5e5f4e3f8e804thiele_pav,db2049f4a6b4bc9db7a5e5f4e3f8e804,129d557da7372aabbfbd5a87361fbe8b,OH,39,2,,,,,data/OH_individuals_with_FIP_more.csv,10000,['dem_partisan_score'],party,True,0.4265,0.5735,0.4375,0.5625,"[45.1, 71.2, 45.1, 62.6, 45.1, 57.3, 45.1, 54.5, 30.1, 57.6, 30.1, 44.3, 57.6, 39.2, 50.5, 37.0]",10000,16,-14.6378837136322,-77325.84570569891,teststvmultiple,thiele_pav
8,6726f18892773394297d0d0390b83ea1a4a1f428ca5892e1783d9731630ba131stv,a4a1f428ca5892e1783d9731630ba131,6726f18892773394297d0d0390b83ea1,OH,39,2,100.0,1.0,party_first_then_partisanscore,,data/OH_individuals_with_FIP_more.csv,10000,['dem_partisan_score'],party,True,0.4265,0.5735,0.375,0.625,"[1.0, 25.8, 3.6, 73.0, 20.6, 89.8, 99.3, 12.7, 26.2, 16.7, 87.4, 2.0, 45.7, 74.3, 99.2, 12.3]",10000,16,-32.38121083672411,-75864.90286553038,teststvmultiple,stv
9,129d557da7372aabbfbd5a87361fbe8b80ea7c61fd0e0ffeaef8856f748874cdthiele_approvalindependent,80ea7c61fd0e0ffeaef8856f748874cd,129d557da7372aabbfbd5a87361fbe8b,OH,39,2,,,,,data/OH_individuals_with_FIP_more.csv,10000,['dem_partisan_score'],party,True,0.4265,0.5735,0.0,1.0,"[29.9, 29.9, 29.9, 29.9, 29.9, 29.9, 29.9, 29.9, 45.4, 45.4, 45.4, 45.4, 45.4, 45.4, 45.4, 45.4]",10000,16,-13.990998552856666,-81122.20753432345,teststvmultiple,thiele_approvalindependent
10,129d557da7372aabbfbd5a87361fbe8bc1e2b02779176556d7beb9b1ef1bf14athiele_approvalindependent,c1e2b02779176556d7beb9b1ef1bf14a,129d557da7372aabbfbd5a87361fbe8b,OH,39,2,,,,,data/OH_individuals_with_FIP_more.csv,10000,['dem_partisan_score'],party,True,0.4265,0.5735,0.0,1.0,"[43.2, 43.2, 43.2, 43.2, 43.2, 43.2, 43.2, 43.2, 31.4, 31.4, 31.4, 31.4, 31.4, 31.4, 31.4, 31.4]",10000,16,-13.983226742121602,-97945.84938195176,teststvmultiple,thiele_approvalindependent
11,129d557da7372aabbfbd5a87361fbe8bc1e2b02779176556d7beb9b1ef1bf14athiele_pav,c1e2b02779176556d7beb9b1ef1bf14a,129d557da7372aabbfbd5a87361fbe8b,OH,39,2,,,,,data/OH_individuals_with_FIP_more.csv,10000,['dem_partisan_score'],party,True,0.4265,0.5735,0.4375,0.5625,"[43.2, 70.3, 43.2, 60.9, 43.2, 55.4, 43.2, 53.0, 31.4, 59.6, 31.4, 47.8, 59.6, 41.3, 52.4, 38.8]",10000,16,-14.642255632244629,-96737.20560023015,teststvmultiple,thiele_pav
12,6726f18892773394297d0d0390b83ea1b9d49b59e740d45e9f46fcea8b197270stv,b9d49b59e740d45e9f46fcea8b197270,6726f18892773394297d0d0390b83ea1,OH,39,2,100.0,1.0,party_first_then_partisanscore,,data/OH_individuals_with_FIP_more.csv,10000,['dem_partisan_score'],party,True,0.4265,0.5735,0.375,0.625,"[55.1, 14.5, 20.0, 87.4, 6.3, 2.0, 45.7, 99.2, 1.4, 25.8, 3.6, 89.8, 20.9, 99.3, 74.3, 12.7]",10000,16,-32.02382281336443,-86521.83764376352,teststvmultiple,stv
13,129d557da7372aabbfbd5a87361fbe8bdb2049f4a6b4bc9db7a5e5f4e3f8e804thiele_approvalindependent,db2049f4a6b4bc9db7a5e5f4e3f8e804,129d557da7372aabbfbd5a87361fbe8b,OH,39,2,,,,,data/OH_individuals_with_FIP_more.csv,10000,['dem_partisan_score'],party,True,0.4265,0.5735,0.0,1.0,"[45.1, 45.1, 45.1, 45.1, 45.1, 45.1, 45.1, 45.1, 30.1, 30.1, 30.1, 30.1, 30.1, 30.1, 30.1, 30.1]",10000,16,-14.000542495823543,-81313.0041367334,teststvmultiple,thiele_approvalindependent
14,129d557da7372aabbfbd5a87361fbe8bdb2049f4a6b4bc9db7a5e5f4e3f8e804thiele_squared,db2049f4a6b4bc9db7a5e5f4e3f8e804,129d557da7372aabbfbd5a87361fbe8b,OH,39,2,,,,,data/OH_individuals_with_FIP_more.csv,10000,['dem_partisan_score'],party,True,0.4265,0.5735,0.4375,0.5625,"[45.1, 84.5, 45.1, 74.3, 45.1, 68.2, 45.1, 63.9, 30.1, 75.2, 30.1, 62.0, 30.1, 53.0, 30.1, 46.9]",10000,16,-14.6378837136322,-77325.84570569891,teststvmultiple,thiele_squared
15,6726f18892773394297d0d0390b83ea197af85fcefb08a90984621abb51fdc03stv,97af85fcefb08a90984621abb51fdc03,6726f18892773394297d0d0390b83ea1,OH,39,2,100.0,1.0,party_first_then_partisanscore,,data/OH_individuals_with_FIP_more.csv,10000,['dem_partisan_score'],party,True,0.4265,0.5735,0.375,0.625,"[16.7, 25.8, 87.4, 45.7, 2.2, 74.3, 99.2, 12.3, 1.4, 3.6, 77.3, 43.9, 89.8, 20.9, 99.3, 12.7]",10000,16,-33.485362571649524,-75076.9177701426,teststvmultiple,stv
16,129d557da7372aabbfbd5a87361fbe8b7f30c28e571fd40ac5121607bcc0c248thiele_squared,7f30c28e571fd40ac5121607bcc0c248,129d557da7372aabbfbd5a87361fbe8b,OH,39,1,,,,,data/OH_individuals_with_FIP_more.csv,10000,['dem_partisan_score'],party,True,0.4265,0.5735,0.4375,0.5625,"[37.2, 80.5, 37.2, 68.5, 37.2, 61.3, 37.2, 55.9, 37.3, 52.8, 37.2, 50.5, 37.2, 48.2, 58.5, 46.6]",10000,16,-14.67913115668782,-130876.28256926106,teststvmultiple,thiele_squared
17,129d557da7372aabbfbd5a87361fbe8b7f30c28e571fd40ac5121607bcc0c248thiele_pav,7f30c28e571fd40ac5121607bcc0c248,129d557da7372aabbfbd5a87361fbe8b,OH,39,1,,,,,data/OH_individuals_with_FIP_more.csv,10000,['dem_partisan_score'],party,True,0.4265,0.5735,0.4375,0.5625,"[37.2, 65.0, 37.2, 54.2, 37.3, 49.5, 58.7, 46.0, 54.2, 44.0, 51.7, 42.7, 49.5, 54.2, 47.5, 52.5]",10000,16,-14.67913115668782,-130876.28256926106,teststvmultiple,thiele_pav
18,6726f18892773394297d0d0390b83ea16336c962a2abe6fdda06619951e77080stv,6336c962a2abe6fdda06619951e77080,6726f18892773394297d0d0390b83ea1,OH,39,2,100.0,1.0,party_first_then_partisanscore,,data/OH_individuals_with_FIP_more.csv,10000,['dem_partisan_score'],party,True,0.4265,0.5735,0.375,0.625,"[16.7, 20.6, 87.4, 45.7, 2.2, 74.3, 99.2, 12.3, 1.4, 26.2, 3.6, 73.0, 89.8, 21.8, 99.3, 12.7]",10000,16,-30.69836849787044,-71357.37847303355,teststvmultiple,stv
19,129d557da7372aabbfbd5a87361fbe8b7f30c28e571fd40ac5121607bcc0c248thiele_approvalindependent,7f30c28e571fd40ac5121607bcc0c248,129d557da7372aabbfbd5a87361fbe8b,OH,39,1,,,,,data/OH_individuals_with_FIP_more.csv,10000,['dem_partisan_score'],party,True,0.4265,0.5735,0.0,1.0,"[37.2, 37.2, 37.2, 37.2, 37.2, 37.2, 37.2, 37.2, 37.2, 37.2, 37.2, 37.2, 37.2, 37.2, 37.2, 37.2]",10000,16,-14.018774734029869,-130020.32235273064,teststvmultiple,thiele_approvalindependent
20,129d557da7372aabbfbd5a87361fbe8ba4a1f428ca5892e1783d9731630ba131thiele_pav,a4a1f428ca5892e1783d9731630ba131,129d557da7372aabbfbd5a87361fbe8b,OH,39,2,,,,,data/OH_individuals_with_FIP_more.csv,10000,['dem_partisan_score'],party,True,0.4265,0.5735,0.4375,0.5625,"[30.4, 57.3, 30.4, 44.8, 57.3, 39.7, 50.7, 37.5, 44.8, 71.4, 44.8, 62.7, 44.8, 57.5, 44.8, 54.5]",10000,16,-14.641195431315516,-78943.2349049717,teststvmultiple,thiele_pav
21,129d557da7372aabbfbd5a87361fbe8ba4a1f428ca5892e1783d9731630ba131thiele_squared,a4a1f428ca5892e1783d9731630ba131,129d557da7372aabbfbd5a87361fbe8b,OH,39,2,,,,,data/OH_individuals_with_FIP_more.csv,10000,['dem_partisan_score'],party,True,0.4265,0.5735,0.4375,0.5625,"[30.4, 74.7, 30.4, 61.7, 30.4, 53.0, 30.4, 47.2, 44.8, 84.8, 44.8, 74.6, 44.8, 68.4, 44.8, 64.0]",10000,16,-14.641195431315516,-78943.2349049717,teststvmultiple,thiele_squared
22,129d557da7372aabbfbd5a87361fbe8bb9d49b59e740d45e9f46fcea8b197270thiele_pav,b9d49b59e740d45e9f46fcea8b197270,129d557da7372aabbfbd5a87361fbe8b,OH,39,2,,,,,data/OH_individuals_with_FIP_more.csv,10000,['dem_partisan_score'],party,True,0.4265,0.5735,0.4375,0.5625,"[42.3, 70.6, 42.3, 60.7, 42.3, 55.5, 42.3, 52.7, 31.8, 59.2, 31.8, 47.7, 59.2, 41.5, 52.5, 39.2]",10000,16,-14.639516907658257,-98106.58471675092,teststvmultiple,thiele_pav
23,6726f18892773394297d0d0390b83ea181b89a88e7005fa1874ec2c0e0b1071fstv,81b89a88e7005fa1874ec2c0e0b1071f,6726f18892773394297d0d0390b83ea1,OH,39,2,100.0,1.0,party_first_then_partisanscore,,data/OH_individuals_with_FIP_more.csv,10000,['dem_partisan_score'],party,True,0.4265,0.5735,0.4375,0.5625,"[1.4, 25.8, 20.0, 48.3, 99.3, 74.3, 99.6, 12.7, 16.7, 90.3, 20.6, 66.9, 2.2, 86.0, 99.2, 12.3]",10000,16,-33.06047659889286,-92027.52744647968,teststvmultiple,stv
24,129d557da7372aabbfbd5a87361fbe8ba4a1f428ca5892e1783d9731630ba131thiele_approvalindependent,a4a1f428ca5892e1783d9731630ba131,129d557da7372aabbfbd5a87361fbe8b,OH,39,2,,,,,data/OH_individuals_with_FIP_more.csv,10000,['dem_partisan_score'],party,True,0.4265,0.5735,0.0,1.0,"[30.4, 30.4, 30.4, 30.4, 30.4, 30.4, 30.4, 30.4, 44.8, 44.8, 44.8, 44.8, 44.8, 44.8, 44.8, 44.8]",10000,16,-14.006521443286475,-83646.44624129104,teststvmultiple,thiele_approvalindependent
25,129d557da7372aabbfbd5a87361fbe8bb9d49b59e740d45e9f46fcea8b197270thiele_squared,b9d49b59e740d45e9f46fcea8b197270,129d557da7372aabbfbd5a87361fbe8b,OH,39,2,,,,,data/OH_individuals_with_FIP_more.csv,10000,['dem_partisan_score'],party,True,0.4265,0.5735,0.5,0.5,"[42.3, 84.8, 42.3, 74.2, 42.3, 67.1, 42.3, 62.6, 31.8, 74.8, 31.8, 63.1, 31.8, 54.5, 31.8, 50.1]",10000,16,-14.769810040627398,-97351.13382650766,teststvmultiple,thiele_squared
26,129d557da7372aabbfbd5a87361fbe8bb9d49b59e740d45e9f46fcea8b197270thiele_approvalindependent,b9d49b59e740d45e9f46fcea8b197270,129d557da7372aabbfbd5a87361fbe8b,OH,39,2,,,,,data/OH_individuals_with_FIP_more.csv,10000,['dem_partisan_score'],party,True,0.4265,0.5735,0.0,1.0,"[42.3, 42.3, 42.3, 42.3, 42.3, 42.3, 42.3, 42.3, 31.8, 31.8, 31.8, 31.8, 31.8, 31.8, 31.8, 31.8]",10000,16,-14.018480568947457,-105957.79326096422,teststvmultiple,thiele_approvalindependent
27,129d557da7372aabbfbd5a87361fbe8b97af85fcefb08a90984621abb51fdc03thiele_pav,97af85fcefb08a90984621abb51fdc03,129d557da7372aabbfbd5a87361fbe8b,OH,39,2,,,,,data/OH_individuals_with_FIP_more.csv,10000,['dem_partisan_score'],party,True,0.4265,0.5735,0.4375,0.5625,"[45.6, 71.4, 45.6, 63.2, 45.6, 58.2, 45.6, 55.1, 29.0, 57.0, 29.0, 43.4, 57.0, 38.5, 50.2, 36.0]",10000,16,-14.61455746870649,-76881.87846415161,teststvmultiple,thiele_pav
28,6726f18892773394297d0d0390b83ea18d0aae820c89529015a480179bb7c86fstv,8d0aae820c89529015a480179bb7c86f,6726f18892773394297d0d0390b83ea1,OH,39,2,100.0,1.0,party_first_then_partisanscore,,data/OH_individuals_with_FIP_more.csv,10000,['dem_partisan_score'],party,True,0.4265,0.5735,0.375,0.625,"[1.0, 3.6, 43.9, 89.8, 20.9, 99.3, 74.3, 12.7, 94.7, 16.7, 20.0, 87.4, 2.0, 45.7, 99.2, 12.3]",10000,16,-33.48620652807926,-74081.58330970653,teststvmultiple,stv
29,129d557da7372aabbfbd5a87361fbe8b97af85fcefb08a90984621abb51fdc03thiele_squared,97af85fcefb08a90984621abb51fdc03,129d557da7372aabbfbd5a87361fbe8b,OH,39,2,,,,,data/OH_individuals_with_FIP_more.csv,10000,['dem_partisan_score'],party,True,0.4265,0.5735,0.4375,0.5625,"[45.6, 84.2, 45.6, 74.4, 45.6, 68.4, 45.6, 64.4, 29.0, 75.2, 29.0, 61.2, 29.0, 52.1, 29.0, 45.9]",10000,16,-14.61455746870649,-76881.87846415161,teststvmultiple,thiele_squared
30,129d557da7372aabbfbd5a87361fbe8b97af85fcefb08a90984621abb51fdc03thiele_approvalindependent,97af85fcefb08a90984621abb51fdc03,129d557da7372aabbfbd5a87361fbe8b,OH,39,2,,,,,data/OH_individuals_with_FIP_more.csv,10000,['dem_partisan_score'],party,True,0.4265,0.5735,0.0,1.0,"[45.6, 45.6, 45.6, 45.6, 45.6, 45.6, 45.6, 45.6, 29.0, 29.0, 29.0, 29.0, 29.0, 29.0, 29.0, 29.0]",10000,16,-13.953889584511806,-80103.57038249269,teststvmultiple,thiele_approvalindependent
31,6726f18892773394297d0d0390b83ea15956e1d6ce9af3ca652489e589ecbe1cstv,5956e1d6ce9af3ca652489e589ecbe1c,6726f18892773394297d0d0390b83ea1,OH,39,2,100.0,1.0,party_first_then_partisanscore,,data/OH_individuals_with_FIP_more.csv,10000,['dem_partisan_score'],party,True,0.4265,0.5735,0.375,0.625,"[16.7, 73.0, 20.6, 87.4, 6.3, 41.8, 2.2, 99.2, 1.0, 26.0, 48.3, 77.3, 89.4, 20.9, 99.3, 11.9]",10000,16,-33.2055907532923,-74844.61364588488,teststvmultiple,stv
32,129d557da7372aabbfbd5a87361fbe8b6336c962a2abe6fdda06619951e77080thiele_pav,6336c962a2abe6fdda06619951e77080,129d557da7372aabbfbd5a87361fbe8b,OH,39,2,,,,,data/OH_individuals_with_FIP_more.csv,10000,['dem_partisan_score'],party,True,0.4265,0.5735,0.4375,0.5625,"[45.6, 71.6, 45.6, 63.2, 45.6, 58.3, 45.6, 55.1, 29.7, 57.0, 29.7, 43.6, 57.0, 38.8, 50.1, 36.4]",10000,16,-14.630771534647824,-76575.15811956441,teststvmultiple,thiele_pav
33,6726f18892773394297d0d0390b83ea13fd37b0523ef038863cdffd40dc369d5stv,3fd37b0523ef038863cdffd40dc369d5,6726f18892773394297d0d0390b83ea1,OH,39,4,100.0,1.0,party_first_then_partisanscore,,data/OH_individuals_with_FIP_more.csv,10000,['dem_partisan_score'],party,True,0.4265,0.5735,0.3125,0.6875,"[1.4, 55.2, 21.8, 12.7, 20.6, 84.8, 2.2, 99.2, 20.0, 99.3, 49.9, 12.3, 25.8, 3.6, 17.9, 89.8]",10000,16,-32.34123860761368,-57346.53088357227,teststvmultiple,stv
34,129d557da7372aabbfbd5a87361fbe8b6336c962a2abe6fdda06619951e77080thiele_approvalindependent,6336c962a2abe6fdda06619951e77080,129d557da7372aabbfbd5a87361fbe8b,OH,39,2,,,,,data/OH_individuals_with_FIP_more.csv,10000,['dem_partisan_score'],party,True,0.4265,0.5735,0.0,1.0,"[45.6, 45.6, 45.6, 45.6, 45.6, 45.6, 45.6, 45.6, 29.7, 29.7, 29.7, 29.7, 29.7, 29.7, 29.7, 29.7]",10000,16,-13.982889072814416,-79623.67182393209,teststvmultiple,thiele_approvalindependent
35,129d557da7372aabbfbd5a87361fbe8b6336c962a2abe6fdda06619951e77080thiele_squared,6336c962a2abe6fdda06619951e77080,129d557da7372aabbfbd5a87361fbe8b,OH,39,2,,,,,data/OH_individuals_with_FIP_more.csv,10000,['dem_partisan_score'],party,True,0.4265,0.5735,0.4375,0.5625,"[45.6, 84.7, 45.6, 74.8, 45.6, 68.6, 45.6, 64.6, 29.7, 74.8, 29.7, 61.2, 29.7, 52.3, 29.7, 45.9]",10000,16,-14.630771534647824,-76575.15811956441,teststvmultiple,thiele_squared
36,129d557da7372aabbfbd5a87361fbe8b81b89a88e7005fa1874ec2c0e0b1071fthiele_pav,81b89a88e7005fa1874ec2c0e0b1071f,129d557da7372aabbfbd5a87361fbe8b,OH,39,2,,,,,data/OH_individuals_with_FIP_more.csv,10000,['dem_partisan_score'],party,True,0.4265,0.5735,0.4375,0.5625,"[30.2, 55.5, 30.2, 43.2, 55.5, 38.8, 48.9, 55.5, 46.1, 74.1, 46.1, 65.1, 46.1, 60.1, 46.1, 56.7]",10000,16,-14.632125152027363,-90572.6094450129,teststvmultiple,thiele_pav
37,129d557da7372aabbfbd5a87361fbe8b81b89a88e7005fa1874ec2c0e0b1071fthiele_squared,81b89a88e7005fa1874ec2c0e0b1071f,129d557da7372aabbfbd5a87361fbe8b,OH,39,2,,,,,data/OH_individuals_with_FIP_more.csv,10000,['dem_partisan_score'],party,True,0.4265,0.5735,0.4375,0.5625,"[30.2, 72.5, 30.2, 59.6, 30.2, 51.7, 30.2, 45.4, 46.1, 86.3, 46.1, 76.9, 46.1, 70.7, 46.1, 66.9]",10000,16,-14.632125152027363,-90572.6094450129,teststvmultiple,thiele_squared
38,129d557da7372aabbfbd5a87361fbe8b8d0aae820c89529015a480179bb7c86fthiele_pav,8d0aae820c89529015a480179bb7c86f,129d557da7372aabbfbd5a87361fbe8b,OH,39,2,,,,,data/OH_individuals_with_FIP_more.csv,10000,['dem_partisan_score'],party,True,0.4265,0.5735,0.4375,0.5625,"[30.5, 57.6, 30.5, 45.1, 57.6, 39.9, 50.9, 37.8, 44.4, 71.4, 44.4, 62.5, 44.4, 57.3, 44.4, 54.2]",10000,16,-14.643339791252243,-79755.7428146856,teststvmultiple,thiele_pav
39,129d557da7372aabbfbd5a87361fbe8b81b89a88e7005fa1874ec2c0e0b1071fthiele_approvalindependent,81b89a88e7005fa1874ec2c0e0b1071f,129d557da7372aabbfbd5a87361fbe8b,OH,39,2,,,,,data/OH_individuals_with_FIP_more.csv,10000,['dem_partisan_score'],party,True,0.4265,0.5735,0.0,1.0,"[30.2, 30.2, 30.2, 30.2, 30.2, 30.2, 30.2, 30.2, 46.1, 46.1, 46.1, 46.1, 46.1, 46.1, 46.1, 46.1]",10000,16,-14.014103894331909,-89399.31961431663,teststvmultiple,thiele_approvalindependent
40,6726f18892773394297d0d0390b83ea130c3a4d97fd8d44e76cda976494bc143stv,30c3a4d97fd8d44e76cda976494bc143,6726f18892773394297d0d0390b83ea1,OH,39,4,100.0,1.0,party_first_then_partisanscore,,data/OH_individuals_with_FIP_more.csv,10000,['dem_partisan_score'],party,True,0.4265,0.5735,0.3125,0.6875,"[25.8, 3.6, 17.9, 89.8, 89.5, 20.0, 0.7, 12.3, 20.6, 87.4, 2.2, 99.2, 1.4, 55.2, 21.8, 12.7]",10000,16,-32.70238282502328,-58603.74659295505,teststvmultiple,stv
41,129d557da7372aabbfbd5a87361fbe8b8d0aae820c89529015a480179bb7c86fthiele_squared,8d0aae820c89529015a480179bb7c86f,129d557da7372aabbfbd5a87361fbe8b,OH,39,2,,,,,data/OH_individuals_with_FIP_more.csv,10000,['dem_partisan_score'],party,True,0.4265,0.5735,0.4375,0.5625,"[30.5, 74.6, 30.5, 62.2, 30.5, 53.4, 30.5, 47.7, 44.4, 85.1, 44.4, 74.8, 44.4, 68.3, 44.4, 63.8]",10000,16,-14.643339791252243,-79755.7428146856,teststvmultiple,thiele_squared
42,129d557da7372aabbfbd5a87361fbe8b8d0aae820c89529015a480179bb7c86fthiele_approvalindependent,8d0aae820c89529015a480179bb7c86f,129d557da7372aabbfbd5a87361fbe8b,OH,39,2,,,,,data/OH_individuals_with_FIP_more.csv,10000,['dem_partisan_score'],party,True,0.4265,0.5735,0.0,1.0,"[30.5, 30.5, 30.5, 30.5, 30.5, 30.5, 30.5, 30.5, 44.4, 44.4, 44.4, 44.4, 44.4, 44.4, 44.4, 44.4]",10000,16,-14.00793551159464,-85060.51772974677,teststvmultiple,thiele_approvalindependent
43,6726f18892773394297d0d0390b83ea149b99920b4e37c232a66a111c953b875stv,49b99920b4e37c232a66a111c953b875,6726f18892773394297d0d0390b83ea1,OH,39,4,100.0,1.0,party_first_then_partisanscore,,data/OH_individuals_with_FIP_more.csv,10000,['dem_partisan_score'],party,True,0.4265,0.5735,0.3125,0.6875,"[99.5, 20.0, 0.7, 12.3, 20.6, 2.0, 87.4, 99.2, 25.8, 3.6, 17.9, 89.8, 1.4, 55.2, 21.8, 12.7]",10000,16,-33.61682452408478,-61820.04944425929,teststvmultiple,stv
44,129d557da7372aabbfbd5a87361fbe8b5956e1d6ce9af3ca652489e589ecbe1cthiele_approvalindependent,5956e1d6ce9af3ca652489e589ecbe1c,129d557da7372aabbfbd5a87361fbe8b,OH,39,2,,,,,data/OH_individuals_with_FIP_more.csv,10000,['dem_partisan_score'],party,True,0.4265,0.5735,0.0,1.0,"[41.2, 41.2, 41.2, 41.2, 41.2, 41.2, 41.2, 41.2, 32.5, 32.5, 32.5, 32.5, 32.5, 32.5, 32.5, 32.5]",10000,16,-13.983296126448554,-86621.83147992913,teststvmultiple,thiele_approvalindependent
45,129d557da7372aabbfbd5a87361fbe8b5956e1d6ce9af3ca652489e589ecbe1cthiele_pav,5956e1d6ce9af3ca652489e589ecbe1c,129d557da7372aabbfbd5a87361fbe8b,OH,39,2,,,,,data/OH_individuals_with_FIP_more.csv,10000,['dem_partisan_score'],party,True,0.4265,0.5735,0.4375,0.5625,"[41.2, 68.6, 41.2, 58.5, 41.2, 53.5, 41.2, 51.0, 32.5, 61.4, 32.5, 50.2, 32.5, 43.4, 54.6, 40.4]",10000,16,-14.646296342142714,-84141.83179224486,teststvmultiple,thiele_pav
46,129d557da7372aabbfbd5a87361fbe8b5956e1d6ce9af3ca652489e589ecbe1cthiele_squared,5956e1d6ce9af3ca652489e589ecbe1c,129d557da7372aabbfbd5a87361fbe8b,OH,39,2,,,,,data/OH_individuals_with_FIP_more.csv,10000,['dem_partisan_score'],party,True,0.4265,0.5735,0.5,0.5,"[41.2, 83.1, 41.2, 71.7, 41.2, 65.1, 41.2, 60.3, 32.5, 77.3, 32.5, 64.6, 32.5, 57.3, 32.5, 51.8]",10000,16,-14.749565561213782,-84732.66797591533,teststvmultiple,thiele_squared
47,129d557da7372aabbfbd5a87361fbe8b3fd37b0523ef038863cdffd40dc369d5thiele_pav,3fd37b0523ef038863cdffd40dc369d5,129d557da7372aabbfbd5a87361fbe8b,OH,39,4,,,,,data/OH_individuals_with_FIP_more.csv,10000,['dem_partisan_score'],party,True,0.4265,0.5735,0.375,0.625,"[27.9, 54.8, 27.9, 41.4, 60.4, 31.1, 60.4, 40.3, 28.1, 53.0, 28.1, 39.8, 39.6, 63.9, 39.6, 54.0]",10000,16,-14.44787529158596,-58452.92764044587,teststvmultiple,thiele_pav
48,6726f18892773394297d0d0390b83ea1fb868480fc0c18ee70e6b287446723eastv,fb868480fc0c18ee70e6b287446723ea,6726f18892773394297d0d0390b83ea1,OH,39,4,100.0,1.0,party_first_then_partisanscore,,data/OH_individuals_with_FIP_more.csv,10000,['dem_partisan_score'],party,True,0.4265,0.5735,0.375,0.625,"[99.5, 20.0, 3.2, 11.9, 20.6, 2.0, 87.4, 99.2, 17.9, 89.8, 2.2, 74.3, 1.4, 55.2, 21.8, 12.7]",10000,16,-34.74070553229502,-62024.770747324525,teststvmultiple,stv
49,129d557da7372aabbfbd5a87361fbe8b3fd37b0523ef038863cdffd40dc369d5thiele_squared,3fd37b0523ef038863cdffd40dc369d5,129d557da7372aabbfbd5a87361fbe8b,OH,39,4,,,,,data/OH_individuals_with_FIP_more.csv,10000,['dem_partisan_score'],party,True,0.4265,0.5735,0.5,0.5,"[27.9, 73.7, 27.9, 59.6, 60.4, 22.1, 60.4, 28.8, 28.1, 71.0, 28.1, 57.3, 39.6, 77.0, 39.6, 67.0]",10000,16,-14.750996427973533,-57810.69651137979,teststvmultiple,thiele_squared
50,129d557da7372aabbfbd5a87361fbe8b3fd37b0523ef038863cdffd40dc369d5thiele_approvalindependent,3fd37b0523ef038863cdffd40dc369d5,129d557da7372aabbfbd5a87361fbe8b,OH,39,4,,,,,data/OH_individuals_with_FIP_more.csv,10000,['dem_partisan_score'],party,True,0.4265,0.5735,0.25,0.75,"[27.9, 27.9, 27.9, 27.9, 60.4, 60.4, 60.4, 60.4, 28.1, 28.1, 28.1, 28.1, 39.6, 39.6, 39.6, 39.6]",10000,16,-13.984244378071534,-60323.535473869095,teststvmultiple,thiele_approvalindependent
51,6726f18892773394297d0d0390b83ea115620992987bb7e1e2b2ecace0ffafcdstv,15620992987bb7e1e2b2ecace0ffafcd,6726f18892773394297d0d0390b83ea1,OH,39,4,100.0,1.0,party_first_then_partisanscore,,data/OH_individuals_with_FIP_more.csv,10000,['dem_partisan_score'],party,True,0.4265,0.5735,0.375,0.625,"[99.5, 20.0, 3.2, 11.9, 20.6, 87.4, 2.2, 99.2, 20.6, 5.3, 89.8, 74.3, 26.0, 20.9, 99.3, 12.7]",10000,16,-33.724321919120754,-64395.750137023606,teststvmultiple,stv
52,129d557da7372aabbfbd5a87361fbe8b30c3a4d97fd8d44e76cda976494bc143thiele_squared,30c3a4d97fd8d44e76cda976494bc143,129d557da7372aabbfbd5a87361fbe8b,OH,39,4,,,,,data/OH_individuals_with_FIP_more.csv,10000,['dem_partisan_score'],party,True,0.4265,0.5735,0.5,0.5,"[40.2, 76.9, 40.2, 67.0, 30.6, 74.9, 30.6, 61.3, 54.4, 21.0, 54.4, 27.1, 26.8, 73.8, 26.8, 59.0]",10000,16,-14.721888818389065,-57859.86046131063,teststvmultiple,thiele_squared
53,129d557da7372aabbfbd5a87361fbe8b30c3a4d97fd8d44e76cda976494bc143thiele_pav,30c3a4d97fd8d44e76cda976494bc143,129d557da7372aabbfbd5a87361fbe8b,OH,39,4,,,,,data/OH_individuals_with_FIP_more.csv,10000,['dem_partisan_score'],party,True,0.4265,0.5735,0.375,0.625,"[40.2, 64.0, 40.2, 54.3, 30.6, 57.4, 30.6, 45.9, 54.4, 29.1, 54.4, 37.3, 26.8, 54.6, 26.8, 40.5]",10000,16,-14.444541079259531,-58539.46449983175,teststvmultiple,thiele_pav
54,129d557da7372aabbfbd5a87361fbe8b30c3a4d97fd8d44e76cda976494bc143thiele_approvalindependent,30c3a4d97fd8d44e76cda976494bc143,129d557da7372aabbfbd5a87361fbe8b,OH,39,4,,,,,data/OH_individuals_with_FIP_more.csv,10000,['dem_partisan_score'],party,True,0.4265,0.5735,0.25,0.75,"[40.2, 40.2, 40.2, 40.2, 30.6, 30.6, 30.6, 30.6, 54.4, 54.4, 54.4, 54.4, 26.8, 26.8, 26.8, 26.8]",10000,16,-14.039050524596806,-60233.70188521611,teststvmultiple,thiele_approvalindependent
55,129d557da7372aabbfbd5a87361fbe8b49b99920b4e37c232a66a111c953b875thiele_pav,49b99920b4e37c232a66a111c953b875,129d557da7372aabbfbd5a87361fbe8b,OH,39,4,,,,,data/OH_individuals_with_FIP_more.csv,10000,['dem_partisan_score'],party,True,0.4265,0.5735,0.375,0.625,"[29.3, 55.3, 29.3, 42.4, 61.1, 33.2, 61.1, 42.2, 37.7, 63.2, 37.7, 52.3, 26.8, 54.6, 26.8, 40.5]",10000,16,-14.450709140082669,-59039.12927191211,teststvmultiple,thiele_pav
56,6726f18892773394297d0d0390b83ea1a3eecddd1c7819eef1a48a9c2ee53f37stv,a3eecddd1c7819eef1a48a9c2ee53f37,6726f18892773394297d0d0390b83ea1,OH,39,4,100.0,1.0,party_first_then_partisanscore,,data/OH_individuals_with_FIP_more.csv,10000,['dem_partisan_score'],party,True,0.4265,0.5735,0.375,0.625,"[3.6, 17.9, 89.8, 74.3, 20.6, 87.4, 2.2, 99.2, 1.4, 55.2, 21.8, 12.7, 97.4, 20.0, 0.7, 12.3]",10000,16,-33.59801402663436,-56119.28533286664,teststvmultiple,stv
57,129d557da7372aabbfbd5a87361fbe8b49b99920b4e37c232a66a111c953b875thiele_squared,49b99920b4e37c232a66a111c953b875,129d557da7372aabbfbd5a87361fbe8b,OH,39,4,,,,,data/OH_individuals_with_FIP_more.csv,10000,['dem_partisan_score'],party,True,0.4265,0.5735,0.5,0.5,"[29.3, 73.0, 29.3, 59.0, 61.1, 22.6, 61.1, 30.0, 37.7, 76.3, 37.7, 65.4, 26.8, 73.8, 26.8, 59.0]",10000,16,-14.743236059871965,-58233.33283944968,teststvmultiple,thiele_squared
58,129d557da7372aabbfbd5a87361fbe8b49b99920b4e37c232a66a111c953b875thiele_approvalindependent,49b99920b4e37c232a66a111c953b875,129d557da7372aabbfbd5a87361fbe8b,OH,39,4,,,,,data/OH_individuals_with_FIP_more.csv,10000,['dem_partisan_score'],party,True,0.4265,0.5735,0.25,0.75,"[29.3, 29.3, 29.3, 29.3, 61.1, 61.1, 61.1, 61.1, 37.7, 37.7, 37.7, 37.7, 26.8, 26.8, 26.8, 26.8]",10000,16,-13.998506560592428,-61963.23452876686,teststvmultiple,thiele_approvalindependent
59,6726f18892773394297d0d0390b83ea12f36042122fe70dc4fefaec271e33eb0stv,2f36042122fe70dc4fefaec271e33eb0,6726f18892773394297d0d0390b83ea1,OH,39,4,100.0,1.0,party_first_then_partisanscore,,data/OH_individuals_with_FIP_more.csv,10000,['dem_partisan_score'],party,True,0.4265,0.5735,0.375,0.625,"[17.9, 89.8, 74.3, 12.3, 20.6, 87.4, 2.2, 99.2, 1.4, 55.2, 21.8, 12.7, 26.2, 89.5, 48.3, 3.2]",10000,16,-32.48557647107242,-56789.17654760726,teststvmultiple,stv
60,129d557da7372aabbfbd5a87361fbe8bfb868480fc0c18ee70e6b287446723eathiele_pav,fb868480fc0c18ee70e6b287446723ea,129d557da7372aabbfbd5a87361fbe8b,OH,39,4,,,,,data/OH_individuals_with_FIP_more.csv,10000,['dem_partisan_score'],party,True,0.4265,0.5735,0.375,0.625,"[30.7, 55.4, 30.7, 42.6, 61.1, 33.2, 61.1, 42.2, 36.4, 63.1, 36.4, 51.9, 26.4, 54.9, 26.4, 40.9]",10000,16,-14.476373574995256,-60143.572519828645,teststvmultiple,thiele_pav
61,129d557da7372aabbfbd5a87361fbe8bfb868480fc0c18ee70e6b287446723eathiele_squared,fb868480fc0c18ee70e6b287446723ea,129d557da7372aabbfbd5a87361fbe8b,OH,39,4,,,,,data/OH_individuals_with_FIP_more.csv,10000,['dem_partisan_score'],party,True,0.4265,0.5735,0.5,0.5,"[30.7, 72.0, 30.7, 58.7, 61.1, 22.6, 61.1, 30.0, 36.4, 76.3, 36.4, 65.5, 26.4, 74.4, 26.4, 59.7]",10000,16,-14.74526024710411,-59252.15028124877,teststvmultiple,thiele_squared
62,129d557da7372aabbfbd5a87361fbe8bfb868480fc0c18ee70e6b287446723eathiele_approvalindependent,fb868480fc0c18ee70e6b287446723ea,129d557da7372aabbfbd5a87361fbe8b,OH,39,4,,,,,data/OH_individuals_with_FIP_more.csv,10000,['dem_partisan_score'],party,True,0.4265,0.5735,0.25,0.75,"[30.7, 30.7, 30.7, 30.7, 61.1, 61.1, 61.1, 61.1, 36.4, 36.4, 36.4, 36.4, 26.4, 26.4, 26.4, 26.4]",10000,16,-14.00333124750284,-62956.33126363045,teststvmultiple,thiele_approvalindependent
63,6726f18892773394297d0d0390b83ea1ab79c5e45374190838f358d956bce432stv,ab79c5e45374190838f358d956bce432,6726f18892773394297d0d0390b83ea1,OH,39,4,100.0,1.0,party_first_then_partisanscore,,data/OH_individuals_with_FIP_more.csv,10000,['dem_partisan_score'],party,True,0.4265,0.5735,0.375,0.625,"[20.6, 87.4, 2.2, 99.2, 3.6, 17.9, 89.8, 74.3, 1.4, 55.2, 21.8, 12.7, 16.5, 99.5, 0.7, 49.9]",10000,16,-35.375848650204176,-58234.78406207368,teststvmultiple,stv
64,129d557da7372aabbfbd5a87361fbe8b15620992987bb7e1e2b2ecace0ffafcdthiele_pav,15620992987bb7e1e2b2ecace0ffafcd,129d557da7372aabbfbd5a87361fbe8b,OH,39,4,,,,,data/OH_individuals_with_FIP_more.csv,10000,['dem_partisan_score'],party,True,0.4265,0.5735,0.375,0.625,"[29.3, 52.9, 29.3, 40.4, 63.6, 34.5, 63.6, 43.3, 30.4, 54.0, 30.4, 42.4, 34.3, 63.5, 34.3, 52.7]",10000,16,-14.497614448201368,-64242.28158522521,teststvmultiple,thiele_pav
65,129d557da7372aabbfbd5a87361fbe8b15620992987bb7e1e2b2ecace0ffafcdthiele_approvalindependent,15620992987bb7e1e2b2ecace0ffafcd,129d557da7372aabbfbd5a87361fbe8b,OH,39,4,,,,,data/OH_individuals_with_FIP_more.csv,10000,['dem_partisan_score'],party,True,0.4265,0.5735,0.25,0.75,"[29.3, 29.3, 29.3, 29.3, 63.6, 63.6, 63.6, 63.6, 30.4, 30.4, 30.4, 30.4, 34.3, 34.3, 34.3, 34.3]",10000,16,-14.025068841921932,-63879.73976733597,teststvmultiple,thiele_approvalindependent
66,129d557da7372aabbfbd5a87361fbe8b15620992987bb7e1e2b2ecace0ffafcdthiele_squared,15620992987bb7e1e2b2ecace0ffafcd,129d557da7372aabbfbd5a87361fbe8b,OH,39,4,,,,,data/OH_individuals_with_FIP_more.csv,10000,['dem_partisan_score'],party,True,0.4265,0.5735,0.5,0.5,"[29.3, 70.8, 29.3, 57.2, 63.6, 23.0, 63.6, 31.1, 30.4, 72.0, 30.4, 58.0, 34.3, 79.2, 34.3, 67.2]",10000,16,-14.766289798399225,-62515.03213125435,teststvmultiple,thiele_squared
67,6726f18892773394297d0d0390b83ea177907aac38375897d42e53aa5de3af3estv,77907aac38375897d42e53aa5de3af3e,6726f18892773394297d0d0390b83ea1,OH,39,4,100.0,1.0,party_first_then_partisanscore,,data/OH_individuals_with_FIP_more.csv,10000,['dem_partisan_score'],party,True,0.4265,0.5735,0.4375,0.5625,"[20.6, 87.4, 2.2, 99.2, 1.4, 55.2, 21.8, 99.6, 25.8, 99.5, 20.0, 11.9, 17.9, 89.8, 74.3, 3.2]",10000,16,-33.58416528158927,-51671.73222276197,teststvmultiple,stv
68,129d557da7372aabbfbd5a87361fbe8ba3eecddd1c7819eef1a48a9c2ee53f37thiele_pav,a3eecddd1c7819eef1a48a9c2ee53f37,129d557da7372aabbfbd5a87361fbe8b,OH,39,4,,,,,data/OH_individuals_with_FIP_more.csv,10000,['dem_partisan_score'],party,True,0.4265,0.5735,0.375,0.625,"[37.8, 63.6, 37.8, 52.8, 63.6, 34.5, 63.6, 43.3, 25.1, 53.7, 25.1, 39.2, 30.1, 54.2, 30.1, 41.7]",10000,16,-14.45486962681375,-61249.65521557168,teststvmultiple,thiele_pav
69,129d557da7372aabbfbd5a87361fbe8ba3eecddd1c7819eef1a48a9c2ee53f37thiele_squared,a3eecddd1c7819eef1a48a9c2ee53f37,129d557da7372aabbfbd5a87361fbe8b,OH,39,4,,,,,data/OH_individuals_with_FIP_more.csv,10000,['dem_partisan_score'],party,True,0.4265,0.5735,0.5,0.5,"[37.8, 76.7, 37.8, 66.8, 63.6, 23.0, 63.6, 31.1, 25.1, 73.2, 25.1, 57.6, 30.1, 71.8, 30.1, 58.0]",10000,16,-14.7527437194424,-60368.31725545844,teststvmultiple,thiele_squared
70,129d557da7372aabbfbd5a87361fbe8ba3eecddd1c7819eef1a48a9c2ee53f37thiele_approvalindependent,a3eecddd1c7819eef1a48a9c2ee53f37,129d557da7372aabbfbd5a87361fbe8b,OH,39,4,,,,,data/OH_individuals_with_FIP_more.csv,10000,['dem_partisan_score'],party,True,0.4265,0.5735,0.25,0.75,"[37.8, 37.8, 37.8, 37.8, 63.6, 63.6, 63.6, 63.6, 25.1, 25.1, 25.1, 25.1, 30.1, 30.1, 30.1, 30.1]",10000,16,-13.98692454657336,-63987.38977759915,teststvmultiple,thiele_approvalindependent
71,6726f18892773394297d0d0390b83ea1db2b54864fa55e59b21ce97f00a9b5b3stv,db2b54864fa55e59b21ce97f00a9b5b3,6726f18892773394297d0d0390b83ea1,OH,39,4,100.0,1.0,party_first_then_partisanscore,,data/OH_individuals_with_FIP_more.csv,10000,['dem_partisan_score'],party,True,0.4265,0.5735,0.3125,0.6875,"[25.8, 99.3, 20.0, 11.9, 1.4, 55.2, 21.8, 12.7, 16.7, 45.7, 2.2, 95.6, 17.9, 89.8, 74.3, 3.2]",10000,16,-31.17141236631196,-52151.12057043798,teststvmultiple,stv
72,129d557da7372aabbfbd5a87361fbe8b2f36042122fe70dc4fefaec271e33eb0thiele_pav,2f36042122fe70dc4fefaec271e33eb0,129d557da7372aabbfbd5a87361fbe8b,OH,39,4,,,,,data/OH_individuals_with_FIP_more.csv,10000,['dem_partisan_score'],party,True,0.4265,0.5735,0.375,0.625,"[36.7, 63.1, 36.7, 52.3, 62.0, 33.5, 62.0, 42.2, 26.0, 54.1, 26.0, 39.6, 30.8, 56.1, 30.8, 43.7]",10000,16,-14.487525793698817,-60218.98607258276,teststvmultiple,thiele_pav
73,129d557da7372aabbfbd5a87361fbe8b2f36042122fe70dc4fefaec271e33eb0thiele_squared,2f36042122fe70dc4fefaec271e33eb0,129d557da7372aabbfbd5a87361fbe8b,OH,39,4,,,,,data/OH_individuals_with_FIP_more.csv,10000,['dem_partisan_score'],party,True,0.4265,0.5735,0.5,0.5,"[36.7, 77.4, 36.7, 66.7, 62.0, 22.9, 62.0, 30.7, 26.0, 73.8, 26.0, 58.5, 30.8, 72.5, 30.8, 59.5]",10000,16,-14.748057745790828,-59799.51583926239,teststvmultiple,thiele_squared
74,129d557da7372aabbfbd5a87361fbe8bab79c5e45374190838f358d956bce432thiele_pav,ab79c5e45374190838f358d956bce432,129d557da7372aabbfbd5a87361fbe8b,OH,39,4,,,,,data/OH_individuals_with_FIP_more.csv,10000,['dem_partisan_score'],party,True,0.4265,0.5735,0.375,0.625,"[59.1, 31.4, 59.1, 39.6, 34.2, 58.9, 34.2, 48.6, 26.0, 54.1, 26.0, 39.6, 34.8, 61.0, 34.8, 50.8]",10000,16,-14.483819913688068,-63574.3515004838,teststvmultiple,thiele_pav
75,129d557da7372aabbfbd5a87361fbe8b2f36042122fe70dc4fefaec271e33eb0thiele_approvalindependent,2f36042122fe70dc4fefaec271e33eb0,129d557da7372aabbfbd5a87361fbe8b,OH,39,4,,,,,data/OH_individuals_with_FIP_more.csv,10000,['dem_partisan_score'],party,True,0.4265,0.5735,0.25,0.75,"[36.7, 36.7, 36.7, 36.7, 62.0, 62.0, 62.0, 62.0, 26.0, 26.0, 26.0, 26.0, 30.8, 30.8, 30.8, 30.8]",10000,16,-14.030616738503,-62318.5359089322,teststvmultiple,thiele_approvalindependent
76,6726f18892773394297d0d0390b83ea1c162e5256d27c26444c8af1c9e35276fstv,c162e5256d27c26444c8af1c9e35276f,6726f18892773394297d0d0390b83ea1,OH,39,8,100.0,1.0,party_first_then_partisanscore,,data/OH_individuals_with_FIP_more.csv,10000,['dem_partisan_score'],party,True,0.4265,0.5735,0.375,0.625,"[2.2, 17.9, 2.2, 99.2, 3.6, 89.8, 26.2, 89.5, 99.6, 12.7, 77.3, 21.8, 16.7, 99.3, 20.0, 5.3]",10000,16,-31.164258741461207,-42627.23215093346,teststvmultiple,stv
77,129d557da7372aabbfbd5a87361fbe8bab79c5e45374190838f358d956bce432thiele_squared,ab79c5e45374190838f358d956bce432,129d557da7372aabbfbd5a87361fbe8b,OH,39,4,,,,,data/OH_individuals_with_FIP_more.csv,10000,['dem_partisan_score'],party,True,0.4265,0.5735,0.5,0.5,"[59.1, 22.1, 59.1, 28.9, 34.2, 74.6, 34.2, 63.6, 26.0, 73.8, 26.0, 58.5, 34.8, 76.0, 34.8, 63.8]",10000,16,-14.741977520459429,-62799.29716818266,teststvmultiple,thiele_squared
78,129d557da7372aabbfbd5a87361fbe8bab79c5e45374190838f358d956bce432thiele_approvalindependent,ab79c5e45374190838f358d956bce432,129d557da7372aabbfbd5a87361fbe8b,OH,39,4,,,,,data/OH_individuals_with_FIP_more.csv,10000,['dem_partisan_score'],party,True,0.4265,0.5735,0.25,0.75,"[59.1, 59.1, 59.1, 59.1, 34.2, 34.2, 34.2, 34.2, 26.0, 26.0, 26.0, 26.0, 34.8, 34.8, 34.8, 34.8]",10000,16,-14.038101553598434,-63495.23389283565,teststvmultiple,thiele_approvalindependent
79,129d557da7372aabbfbd5a87361fbe8bc162e5256d27c26444c8af1c9e35276fthiele_pav,c162e5256d27c26444c8af1c9e35276f,129d557da7372aabbfbd5a87361fbe8b,OH,39,8,,,,,data/OH_individuals_with_FIP_more.csv,10000,['dem_partisan_score'],party,True,0.4265,0.5735,0.375,0.625,"[36.5, 58.7, 66.8, 34.6, 57.6, 32.6, 43.4, 66.1, 25.7, 62.6, 25.4, 45.4, 43.9, 74.2, 19.0, 30.0]",10000,16,-14.294684306891307,-43522.401368929146,teststvmultiple,thiele_pav
80,6726f18892773394297d0d0390b83ea1f00f53e86a00bb8327719cbda30fd171stv,f00f53e86a00bb8327719cbda30fd171,6726f18892773394297d0d0390b83ea1,OH,39,8,100.0,1.0,party_first_then_partisanscore,,data/OH_individuals_with_FIP_more.csv,10000,['dem_partisan_score'],party,True,0.4265,0.5735,0.3125,0.6875,"[89.5, 15.5, 84.8, 2.2, 3.6, 89.8, 26.2, 11.6, 99.6, 12.7, 1.4, 21.8, 20.6, 99.2, 17.9, 41.8]",10000,16,-25.412503557262724,-42493.351642528505,teststvmultiple,stv
81,129d557da7372aabbfbd5a87361fbe8b77907aac38375897d42e53aa5de3af3ethiele_pav,77907aac38375897d42e53aa5de3af3e,129d557da7372aabbfbd5a87361fbe8b,OH,39,4,,,,,data/OH_individuals_with_FIP_more.csv,10000,['dem_partisan_score'],party,True,0.4265,0.5735,0.375,0.625,"[59.1, 31.4, 59.1, 39.6, 24.2, 52.5, 24.2, 37.1, 33.9, 58.7, 33.9, 49.2, 37.8, 63.2, 37.8, 52.4]",10000,16,-14.440717311175206,-55278.72262999379,teststvmultiple,thiele_pav
82,129d557da7372aabbfbd5a87361fbe8bc162e5256d27c26444c8af1c9e35276fthiele_approvalindependent,c162e5256d27c26444c8af1c9e35276f,129d557da7372aabbfbd5a87361fbe8b,OH,39,8,,,,,data/OH_individuals_with_FIP_more.csv,10000,['dem_partisan_score'],party,True,0.4265,0.5735,0.25,0.75,"[36.5, 36.5, 66.8, 66.8, 57.6, 57.6, 43.4, 43.4, 25.7, 25.7, 25.4, 25.4, 43.9, 43.9, 19.0, 19.0]",10000,16,-13.86925436370842,-44609.25909974844,teststvmultiple,thiele_approvalindependent
83,129d557da7372aabbfbd5a87361fbe8b77907aac38375897d42e53aa5de3af3ethiele_approvalindependent,77907aac38375897d42e53aa5de3af3e,129d557da7372aabbfbd5a87361fbe8b,OH,39,4,,,,,data/OH_individuals_with_FIP_more.csv,10000,['dem_partisan_score'],party,True,0.4265,0.5735,0.25,0.75,"[59.1, 59.1, 59.1, 59.1, 24.2, 24.2, 24.2, 24.2, 33.9, 33.9, 33.9, 33.9, 37.8, 37.8, 37.8, 37.8]",10000,16,-14.00294377460802,-57900.37348955087,teststvmultiple,thiele_approvalindependent
84,129d557da7372aabbfbd5a87361fbe8bf00f53e86a00bb8327719cbda30fd171thiele_pav,f00f53e86a00bb8327719cbda30fd171,129d557da7372aabbfbd5a87361fbe8b,OH,39,8,,,,,data/OH_individuals_with_FIP_more.csv,10000,['dem_partisan_score'],party,True,0.4265,0.5735,0.4375,0.5625,"[42.7, 68.4, 64.7, 34.5, 57.6, 32.6, 16.5, 26.8, 25.7, 62.6, 28.5, 50.0, 45.1, 77.2, 36.2, 57.1]",10000,16,-14.410110205644823,-43370.28046526884,teststvmultiple,thiele_pav
85,129d557da7372aabbfbd5a87361fbe8b77907aac38375897d42e53aa5de3af3ethiele_squared,77907aac38375897d42e53aa5de3af3e,129d557da7372aabbfbd5a87361fbe8b,OH,39,4,,,,,data/OH_individuals_with_FIP_more.csv,10000,['dem_partisan_score'],party,True,0.4265,0.5735,0.5,0.5,"[59.1, 22.1, 59.1, 28.9, 24.2, 73.2, 24.2, 56.4, 33.9, 75.1, 33.9, 62.5, 37.8, 76.1, 37.8, 65.7]",10000,16,-14.723256073428168,-54626.22582205369,teststvmultiple,thiele_squared
86,129d557da7372aabbfbd5a87361fbe8bc162e5256d27c26444c8af1c9e35276fthiele_squared,c162e5256d27c26444c8af1c9e35276f,129d557da7372aabbfbd5a87361fbe8b,OH,39,8,,,,,data/OH_individuals_with_FIP_more.csv,10000,['dem_partisan_score'],party,True,0.4265,0.5735,0.5,0.5,"[36.5, 72.3, 66.8, 23.9, 57.6, 23.9, 43.4, 79.0, 25.7, 85.2, 25.4, 64.8, 43.9, 86.4, 19.0, 53.2]",10000,16,-14.684248397689707,-42687.96839141879,teststvmultiple,thiele_squared
87,6726f18892773394297d0d0390b83ea1090f3764253c156891caf244f2dfa123stv,090f3764253c156891caf244f2dfa123,6726f18892773394297d0d0390b83ea1,OH,39,8,100.0,1.0,party_first_then_partisanscore,,data/OH_individuals_with_FIP_more.csv,10000,['dem_partisan_score'],party,True,0.4265,0.5735,0.375,0.625,"[84.8, 2.2, 1.4, 21.8, 0.7, 99.3, 26.2, 89.5, 99.6, 12.7, 1.3, 17.9, 20.6, 99.2, 20.6, 89.8]",10000,16,-31.63039717594284,-39023.41445706946,teststvmultiple,stv
88,129d557da7372aabbfbd5a87361fbe8bf00f53e86a00bb8327719cbda30fd171thiele_approvalindependent,f00f53e86a00bb8327719cbda30fd171,129d557da7372aabbfbd5a87361fbe8b,OH,39,8,,,,,data/OH_individuals_with_FIP_more.csv,10000,['dem_partisan_score'],party,True,0.4265,0.5735,0.25,0.75,"[42.7, 42.7, 64.7, 64.7, 57.6, 57.6, 16.5, 16.5, 25.7, 25.7, 28.5, 28.5, 45.1, 45.1, 36.2, 36.2]",10000,16,-13.879290397891516,-44242.82742331513,teststvmultiple,thiele_approvalindependent
89,129d557da7372aabbfbd5a87361fbe8bdb2b54864fa55e59b21ce97f00a9b5b3thiele_squared,db2b54864fa55e59b21ce97f00a9b5b3,129d557da7372aabbfbd5a87361fbe8b,OH,39,4,,,,,data/OH_individuals_with_FIP_more.csv,10000,['dem_partisan_score'],party,True,0.4265,0.5735,0.5,0.5,"[36.2, 78.6, 36.2, 66.1, 24.2, 73.0, 24.2, 56.4, 53.5, 21.2, 53.5, 26.8, 37.7, 76.6, 37.7, 66.4]",10000,16,-14.72194352142504,-54089.46909074667,teststvmultiple,thiele_squared
90,6726f18892773394297d0d0390b83ea1091298b3acbb473f9221c7075100c9b0stv,091298b3acbb473f9221c7075100c9b0,6726f18892773394297d0d0390b83ea1,OH,39,8,100.0,1.0,party_first_then_partisanscore,,data/OH_individuals_with_FIP_more.csv,10000,['dem_partisan_score'],party,True,0.4265,0.5735,0.4375,0.5625,"[84.8, 2.2, 1.4, 20.9, 0.7, 99.3, 26.2, 89.5, 14.4, 99.6, 55.1, 16.5, 14.5, 99.2, 3.6, 89.8]",10000,16,-32.73994488727971,-37785.15926083263,teststvmultiple,stv
91,129d557da7372aabbfbd5a87361fbe8bdb2b54864fa55e59b21ce97f00a9b5b3thiele_pav,db2b54864fa55e59b21ce97f00a9b5b3,129d557da7372aabbfbd5a87361fbe8b,OH,39,4,,,,,data/OH_individuals_with_FIP_more.csv,10000,['dem_partisan_score'],party,True,0.4265,0.5735,0.4375,0.5625,"[36.2, 62.8, 36.2, 52.4, 24.2, 52.5, 24.2, 37.2, 53.5, 28.7, 53.5, 37.2, 37.7, 63.3, 37.7, 52.4]",10000,16,-14.56948211407702,-54428.53750289311,teststvmultiple,thiele_pav
92,129d557da7372aabbfbd5a87361fbe8bf00f53e86a00bb8327719cbda30fd171thiele_squared,f00f53e86a00bb8327719cbda30fd171,129d557da7372aabbfbd5a87361fbe8b,OH,39,8,,,,,data/OH_individuals_with_FIP_more.csv,10000,['dem_partisan_score'],party,True,0.4265,0.5735,0.5,0.5,"[42.7, 81.5, 64.7, 23.6, 57.6, 23.9, 16.5, 53.8, 25.7, 85.2, 28.5, 63.9, 45.1, 88.7, 36.2, 70.3]",10000,16,-14.648241589193644,-43555.687175192455,teststvmultiple,thiele_squared
93,6726f18892773394297d0d0390b83ea1bb39a9bea24b7c2e7cd2f3f5b9f995e8stv,bb39a9bea24b7c2e7cd2f3f5b9f995e8,6726f18892773394297d0d0390b83ea1,OH,39,8,100.0,1.0,party_first_then_partisanscore,,data/OH_individuals_with_FIP_more.csv,10000,['dem_partisan_score'],party,True,0.4265,0.5735,0.375,0.625,"[2.2, 99.2, 25.6, 99.6, 89.8, 99.3, 26.2, 89.5, 21.8, 12.7, 16.5, 41.8, 20.6, 87.4, 25.8, 3.6]",10000,16,-31.381960695638224,-42105.48677223787,teststvmultiple,stv
94,129d557da7372aabbfbd5a87361fbe8bdb2b54864fa55e59b21ce97f00a9b5b3thiele_approvalindependent,db2b54864fa55e59b21ce97f00a9b5b3,129d557da7372aabbfbd5a87361fbe8b,OH,39,4,,,,,data/OH_individuals_with_FIP_more.csv,10000,['dem_partisan_score'],party,True,0.4265,0.5735,0.25,0.75,"[36.2, 36.2, 36.2, 36.2, 24.2, 24.2, 24.2, 24.2, 53.5, 53.5, 53.5, 53.5, 37.7, 37.7, 37.7, 37.7]",10000,16,-14.1463541598124,-57604.355391198864,teststvmultiple,thiele_approvalindependent
95,129d557da7372aabbfbd5a87361fbe8b090f3764253c156891caf244f2dfa123thiele_pav,090f3764253c156891caf244f2dfa123,129d557da7372aabbfbd5a87361fbe8b,OH,39,8,,,,,data/OH_individuals_with_FIP_more.csv,10000,['dem_partisan_score'],party,True,0.4265,0.5735,0.4375,0.5625,"[66.9, 36.9, 28.3, 48.9, 25.0, 52.6, 44.1, 65.5, 25.7, 62.6, 33.2, 55.5, 45.1, 77.2, 37.0, 66.7]",10000,16,-14.471336957023505,-43362.7154388392,teststvmultiple,thiele_pav
96,129d557da7372aabbfbd5a87361fbe8b090f3764253c156891caf244f2dfa123thiele_approvalindependent,090f3764253c156891caf244f2dfa123,129d557da7372aabbfbd5a87361fbe8b,OH,39,8,,,,,data/OH_individuals_with_FIP_more.csv,10000,['dem_partisan_score'],party,True,0.4265,0.5735,0.125,0.875,"[66.9, 66.9, 28.3, 28.3, 25.0, 25.0, 44.1, 44.1, 25.7, 25.7, 33.2, 33.2, 45.1, 45.1, 37.0, 37.0]",10000,16,-13.873690822386996,-46073.13713404117,teststvmultiple,thiele_approvalindependent
97,6726f18892773394297d0d0390b83ea19627067387c34589bf3d936429e60dabstv,9627067387c34589bf3d936429e60dab,6726f18892773394297d0d0390b83ea1,OH,39,8,100.0,1.0,party_first_then_partisanscore,,data/OH_individuals_with_FIP_more.csv,10000,['dem_partisan_score'],party,True,0.4265,0.5735,0.375,0.625,"[2.2, 99.2, 25.6, 99.6, 89.8, 99.3, 26.2, 89.5, 20.9, 12.7, 3.6, 21.8, 16.5, 5.3, 14.5, 99.3]",10000,16,-31.890740720179394,-41009.40472131135,teststvmultiple,stv
98,129d557da7372aabbfbd5a87361fbe8b090f3764253c156891caf244f2dfa123thiele_squared,090f3764253c156891caf244f2dfa123,129d557da7372aabbfbd5a87361fbe8b,OH,39,8,,,,,data/OH_individuals_with_FIP_more.csv,10000,['dem_partisan_score'],party,True,0.4265,0.5735,0.5,0.5,"[66.9, 24.8, 28.3, 63.9, 25.0, 73.7, 44.1, 78.3, 25.7, 85.2, 33.2, 71.0, 45.1, 88.7, 37.0, 80.6]",10000,16,-14.622407951664016,-43185.58203130288,teststvmultiple,thiele_squared
99,129d557da7372aabbfbd5a87361fbe8b091298b3acbb473f9221c7075100c9b0thiele_pav,091298b3acbb473f9221c7075100c9b0,129d557da7372aabbfbd5a87361fbe8b,OH,39,8,,,,,data/OH_individuals_with_FIP_more.csv,10000,['dem_partisan_score'],party,True,0.4265,0.5735,0.4375,0.5625,"[66.9, 36.9, 28.4, 50.2, 25.0, 52.6, 43.4, 65.5, 25.1, 62.6, 26.4, 45.6, 58.7, 31.6, 37.3, 66.8]",10000,16,-14.440953624964076,-43864.76245755581,teststvmultiple,thiele_pav
100,129d557da7372aabbfbd5a87361fbe8b091298b3acbb473f9221c7075100c9b0thiele_approvalindependent,091298b3acbb473f9221c7075100c9b0,129d557da7372aabbfbd5a87361fbe8b,OH,39,8,,,,,data/OH_individuals_with_FIP_more.csv,10000,['dem_partisan_score'],party,True,0.4265,0.5735,0.25,0.75,"[66.9, 66.9, 28.4, 28.4, 25.0, 25.0, 43.4, 43.4, 25.1, 25.1, 26.4, 26.4, 58.7, 58.7, 37.3, 37.3]",10000,16,-13.85959931119038,-45767.17472342189,teststvmultiple,thiele_approvalindependent
101,6726f18892773394297d0d0390b83ea129255270c24d5f8828ee26073e645bfestv,29255270c24d5f8828ee26073e645bfe,6726f18892773394297d0d0390b83ea1,OH,39,8,100.0,1.0,party_first_then_partisanscore,,data/OH_individuals_with_FIP_more.csv,10000,['dem_partisan_score'],party,True,0.4265,0.5735,0.375,0.625,"[2.2, 99.2, 77.3, 11.6, 1.0, 20.9, 26.2, 89.5, 21.8, 99.6, 25.8, 89.8, 20.6, 87.4, 16.5, 41.8]",10000,16,-30.653205200479544,-39503.50645353166,teststvmultiple,stv
102,129d557da7372aabbfbd5a87361fbe8b091298b3acbb473f9221c7075100c9b0thiele_squared,091298b3acbb473f9221c7075100c9b0,129d557da7372aabbfbd5a87361fbe8b,OH,39,8,,,,,data/OH_individuals_with_FIP_more.csv,10000,['dem_partisan_score'],party,True,0.4265,0.5735,0.5,0.5,"[66.9, 24.8, 28.4, 63.9, 25.0, 73.7, 43.4, 78.8, 25.1, 85.7, 26.4, 63.6, 58.7, 22.9, 37.3, 80.6]",10000,16,-14.642350720715068,-43846.3806075341,teststvmultiple,thiele_squared
103,129d557da7372aabbfbd5a87361fbe8bbb39a9bea24b7c2e7cd2f3f5b9f995e8thiele_approvalindependent,bb39a9bea24b7c2e7cd2f3f5b9f995e8,129d557da7372aabbfbd5a87361fbe8b,OH,39,8,,,,,data/OH_individuals_with_FIP_more.csv,10000,['dem_partisan_score'],party,True,0.4265,0.5735,0.375,0.625,"[67.7, 67.7, 31.6, 31.6, 57.5, 57.5, 43.4, 43.4, 24.4, 24.4, 26.0, 26.0, 59.1, 59.1, 19.6, 19.6]",10000,16,-13.98757231615238,-45584.29557442143,teststvmultiple,thiele_approvalindependent
104,129d557da7372aabbfbd5a87361fbe8bbb39a9bea24b7c2e7cd2f3f5b9f995e8thiele_squared,bb39a9bea24b7c2e7cd2f3f5b9f995e8,129d557da7372aabbfbd5a87361fbe8b,OH,39,8,,,,,data/OH_individuals_with_FIP_more.csv,10000,['dem_partisan_score'],party,True,0.4265,0.5735,0.5,0.5,"[67.7, 24.4, 31.6, 85.2, 57.5, 21.1, 43.4, 78.8, 24.4, 63.0, 26.0, 63.6, 59.1, 23.1, 19.6, 58.4]",10000,16,-14.751009183681848,-45946.456157571374,teststvmultiple,thiele_squared
105,129d557da7372aabbfbd5a87361fbe8bbb39a9bea24b7c2e7cd2f3f5b9f995e8thiele_pav,bb39a9bea24b7c2e7cd2f3f5b9f995e8,129d557da7372aabbfbd5a87361fbe8b,OH,39,8,,,,,data/OH_individuals_with_FIP_more.csv,10000,['dem_partisan_score'],party,True,0.4265,0.5735,0.3125,0.6875,"[67.7, 36.0, 31.6, 65.4, 57.5, 31.0, 43.4, 65.5, 24.4, 43.9, 26.0, 44.5, 59.1, 32.9, 19.6, 31.1]",10000,16,-14.193360870165238,-46250.37977326474,teststvmultiple,thiele_pav
106,6726f18892773394297d0d0390b83ea18410b147e1f0b40a48f57b973de38dcdstv,8410b147e1f0b40a48f57b973de38dcd,6726f18892773394297d0d0390b83ea1,OH,39,8,100.0,1.0,party_first_then_partisanscore,,data/OH_individuals_with_FIP_more.csv,10000,['dem_partisan_score'],party,True,0.4265,0.5735,0.3125,0.6875,"[20.6, 99.2, 99.6, 12.7, 25.8, 89.8, 77.3, 3.2, 26.2, 89.5, 1.0, 20.9, 1.5, 27.5, 5.3, 12.3]",10000,16,-30.25740623599563,-40588.98078780924,teststvmultiple,stv
107,129d557da7372aabbfbd5a87361fbe8b9627067387c34589bf3d936429e60dabthiele_pav,9627067387c34589bf3d936429e60dab,129d557da7372aabbfbd5a87361fbe8b,OH,39,8,,,,,data/OH_individuals_with_FIP_more.csv,10000,['dem_partisan_score'],party,True,0.4265,0.5735,0.3125,0.6875,"[67.7, 36.0, 31.6, 65.4, 57.5, 31.0, 42.6, 66.1, 22.6, 38.9, 24.4, 40.3, 21.7, 38.8, 59.7, 35.1]",10000,16,-14.184199175971465,-47345.65999679672,teststvmultiple,thiele_pav
108,129d557da7372aabbfbd5a87361fbe8b9627067387c34589bf3d936429e60dabthiele_squared,9627067387c34589bf3d936429e60dab,129d557da7372aabbfbd5a87361fbe8b,OH,39,8,,,,,data/OH_individuals_with_FIP_more.csv,10000,['dem_partisan_score'],party,True,0.4265,0.5735,0.5,0.5,"[67.7, 24.4, 31.6, 85.2, 57.5, 21.1, 42.6, 78.8, 22.6, 60.4, 24.4, 62.4, 21.7, 63.4, 59.7, 24.2]",10000,16,-14.754172200338877,-46572.49648402348,teststvmultiple,thiele_squared
109,129d557da7372aabbfbd5a87361fbe8b29255270c24d5f8828ee26073e645bfethiele_pav,29255270c24d5f8828ee26073e645bfe,129d557da7372aabbfbd5a87361fbe8b,OH,39,8,,,,,data/OH_individuals_with_FIP_more.csv,10000,['dem_partisan_score'],party,True,0.4265,0.5735,0.3125,0.6875,"[67.7, 36.0, 22.9, 41.6, 22.1, 38.0, 42.6, 66.1, 29.8, 62.5, 58.0, 34.1, 53.5, 30.2, 24.3, 45.5]",10000,16,-14.162741039462665,-44129.07909825722,teststvmultiple,thiele_pav
110,6726f18892773394297d0d0390b83ea1b538597be5d5124fe10f8f0d03ec3a9cstv,b538597be5d5124fe10f8f0d03ec3a9c,6726f18892773394297d0d0390b83ea1,OH,39,8,100.0,1.0,party_first_then_partisanscore,,data/OH_individuals_with_FIP_more.csv,10000,['dem_partisan_score'],party,True,0.4265,0.5735,0.3125,0.6875,"[16.7, 1.3, 77.3, 3.2, 25.8, 89.8, 55.2, 12.7, 5.3, 12.3, 17.9, 20.9, 20.6, 99.2, 26.2, 89.5]",10000,16,-30.915722209969424,-46979.90386185549,teststvmultiple,stv
111,129d557da7372aabbfbd5a87361fbe8b9627067387c34589bf3d936429e60dabthiele_approvalindependent,9627067387c34589bf3d936429e60dab,129d557da7372aabbfbd5a87361fbe8b,OH,39,8,,,,,data/OH_individuals_with_FIP_more.csv,10000,['dem_partisan_score'],party,True,0.4265,0.5735,0.375,0.625,"[67.7, 67.7, 31.6, 31.6, 57.5, 57.5, 42.6, 42.6, 22.6, 22.6, 24.4, 24.4, 21.7, 21.7, 59.7, 59.7]",10000,16,-13.973473234961556,-46739.25458402195,teststvmultiple,thiele_approvalindependent
112,6726f18892773394297d0d0390b83ea1b5d82fbfb6e2c1aec3098cb58feb5af0stv,b5d82fbfb6e2c1aec3098cb58feb5af0,6726f18892773394297d0d0390b83ea1,OH,39,8,100.0,1.0,party_first_then_partisanscore,,data/OH_individuals_with_FIP_more.csv,10000,['dem_partisan_score'],party,True,0.4265,0.5735,0.375,0.625,"[17.9, 20.9, 77.3, 3.2, 25.8, 89.8, 99.6, 12.7, 41.8, 11.9, 20.6, 99.2, 89.5, 16.5, 1.3, 87.4]",10000,16,-31.7979513150037,-49594.69250453688,teststvmultiple,stv
113,129d557da7372aabbfbd5a87361fbe8b29255270c24d5f8828ee26073e645bfethiele_approvalindependent,29255270c24d5f8828ee26073e645bfe,129d557da7372aabbfbd5a87361fbe8b,OH,39,8,,,,,data/OH_individuals_with_FIP_more.csv,10000,['dem_partisan_score'],party,True,0.4265,0.5735,0.375,0.625,"[67.7, 67.7, 22.9, 22.9, 22.1, 22.1, 42.6, 42.6, 29.8, 29.8, 58.0, 58.0, 53.5, 53.5, 24.3, 24.3]",10000,16,-13.954950212662904,-44259.09520846845,teststvmultiple,thiele_approvalindependent
114,129d557da7372aabbfbd5a87361fbe8b29255270c24d5f8828ee26073e645bfethiele_squared,29255270c24d5f8828ee26073e645bfe,129d557da7372aabbfbd5a87361fbe8b,OH,39,8,,,,,data/OH_individuals_with_FIP_more.csv,10000,['dem_partisan_score'],party,True,0.4265,0.5735,0.5,0.5,"[67.7, 24.4, 22.9, 63.9, 22.1, 59.7, 42.6, 78.8, 29.8, 82.7, 58.0, 25.4, 53.5, 22.2, 24.3, 67.0]",10000,16,-14.74760421819509,-42743.96121056653,teststvmultiple,thiele_squared
115,129d557da7372aabbfbd5a87361fbe8b8410b147e1f0b40a48f57b973de38dcdthiele_pav,8410b147e1f0b40a48f57b973de38dcd,129d557da7372aabbfbd5a87361fbe8b,OH,39,8,,,,,data/OH_individuals_with_FIP_more.csv,10000,['dem_partisan_score'],party,True,0.4265,0.5735,0.375,0.625,"[81.7, 42.6, 30.0, 63.9, 58.0, 35.2, 23.1, 40.2, 40.8, 65.0, 22.3, 39.8, 40.2, 67.8, 29.4, 52.3]",10000,16,-14.31968876295519,-45396.78882943127,teststvmultiple,thiele_pav
116,129d557da7372aabbfbd5a87361fbe8bb538597be5d5124fe10f8f0d03ec3a9cthiele_squared,b538597be5d5124fe10f8f0d03ec3a9c,129d557da7372aabbfbd5a87361fbe8b,OH,39,8,,,,,data/OH_individuals_with_FIP_more.csv,10000,['dem_partisan_score'],party,True,0.4265,0.5735,0.5,0.5,"[37.6, 85.1, 24.4, 62.0, 58.0, 26.9, 28.6, 87.2, 28.3, 70.5, 22.1, 62.7, 81.9, 29.2, 42.1, 78.3]",10000,16,-14.662580055823216,-43970.900745823645,teststvmultiple,thiele_squared
117,129d557da7372aabbfbd5a87361fbe8bb538597be5d5124fe10f8f0d03ec3a9cthiele_approvalindependent,b538597be5d5124fe10f8f0d03ec3a9c,129d557da7372aabbfbd5a87361fbe8b,OH,39,8,,,,,data/OH_individuals_with_FIP_more.csv,10000,['dem_partisan_score'],party,True,0.4265,0.5735,0.25,0.75,"[37.6, 37.6, 24.4, 24.4, 58.0, 58.0, 28.6, 28.6, 28.3, 28.3, 22.1, 22.1, 81.9, 81.9, 42.1, 42.1]",10000,16,-13.819599577568772,-45142.32653995535,teststvmultiple,thiele_approvalindependent
118,129d557da7372aabbfbd5a87361fbe8b8410b147e1f0b40a48f57b973de38dcdthiele_squared,8410b147e1f0b40a48f57b973de38dcd,129d557da7372aabbfbd5a87361fbe8b,OH,39,8,,,,,data/OH_individuals_with_FIP_more.csv,10000,['dem_partisan_score'],party,True,0.4265,0.5735,0.5,0.5,"[81.7, 27.8, 30.0, 84.9, 58.0, 26.9, 23.1, 62.2, 40.8, 78.1, 22.3, 62.7, 40.2, 83.9, 29.4, 70.5]",10000,16,-14.677763623328756,-44629.26063742445,teststvmultiple,thiele_squared
119,129d557da7372aabbfbd5a87361fbe8bb5d82fbfb6e2c1aec3098cb58feb5af0thiele_pav,b5d82fbfb6e2c1aec3098cb58feb5af0,129d557da7372aabbfbd5a87361fbe8b,OH,39,8,,,,,data/OH_individuals_with_FIP_more.csv,10000,['dem_partisan_score'],party,True,0.4265,0.5735,0.3125,0.6875,"[22.2, 39.6, 27.3, 48.8, 58.0, 35.2, 24.4, 58.7, 19.8, 32.1, 81.9, 43.2, 44.8, 65.5, 51.1, 29.1]",10000,16,-14.169838811550116,-48031.89011002173,teststvmultiple,thiele_pav
120,129d557da7372aabbfbd5a87361fbe8b8410b147e1f0b40a48f57b973de38dcdthiele_approvalindependent,8410b147e1f0b40a48f57b973de38dcd,129d557da7372aabbfbd5a87361fbe8b,OH,39,8,,,,,data/OH_individuals_with_FIP_more.csv,10000,['dem_partisan_score'],party,True,0.4265,0.5735,0.25,0.75,"[81.7, 81.7, 30.0, 30.0, 58.0, 58.0, 23.1, 23.1, 40.8, 40.8, 22.3, 22.3, 40.2, 40.2, 29.4, 29.4]",10000,16,-13.80487971235306,-45160.463084361385,teststvmultiple,thiele_approvalindependent
121,129d557da7372aabbfbd5a87361fbe8bb538597be5d5124fe10f8f0d03ec3a9cthiele_pav,b538597be5d5124fe10f8f0d03ec3a9c,129d557da7372aabbfbd5a87361fbe8b,OH,39,8,,,,,data/OH_individuals_with_FIP_more.csv,10000,['dem_partisan_score'],party,True,0.4265,0.5735,0.375,0.625,"[37.6, 67.3, 24.4, 40.7, 58.0, 35.2, 28.6, 64.9, 28.3, 52.0, 22.1, 40.1, 81.9, 45.5, 42.1, 65.1]",10000,16,-14.323639381450132,-44944.75649364119,teststvmultiple,thiele_pav
122,129d557da7372aabbfbd5a87361fbe8bb5d82fbfb6e2c1aec3098cb58feb5af0thiele_squared,b5d82fbfb6e2c1aec3098cb58feb5af0,129d557da7372aabbfbd5a87361fbe8b,OH,39,8,,,,,data/OH_individuals_with_FIP_more.csv,10000,['dem_partisan_score'],party,True,0.4265,0.5735,0.5,0.5,"[22.2, 61.6, 27.3, 64.9, 58.0, 26.9, 24.4, 82.9, 19.8, 61.6, 81.9, 26.6, 44.8, 79.9, 51.1, 22.1]",10000,16,-14.71060706537017,-46291.45581828528,teststvmultiple,thiele_squared
123,6726f18892773394297d0d0390b83ea18b90dd782b0a5df54593c55b4f3978bbstv,8b90dd782b0a5df54593c55b4f3978bb,6726f18892773394297d0d0390b83ea1,OH,39,16,100.0,1.0,party_first_then_partisanscore,,data/OH_individuals_with_FIP_more.csv,10000,['dem_partisan_score'],party,True,0.4265,0.5735,0.5,0.5,"[24.9, 11.6, 89.8, 77.3, 74.3, 99.3, 12.3, 53.0, 55.2, 80.8, 14.4, 2.0, 1.4, 2.0, 2.2, 99.2]",10000,16,-31.691345202709737,-24800.360683900384,teststvmultiple,stv
124,129d557da7372aabbfbd5a87361fbe8bb5d82fbfb6e2c1aec3098cb58feb5af0thiele_approvalindependent,b5d82fbfb6e2c1aec3098cb58feb5af0,129d557da7372aabbfbd5a87361fbe8b,OH,39,8,,,,,data/OH_individuals_with_FIP_more.csv,10000,['dem_partisan_score'],party,True,0.4265,0.5735,0.375,0.625,"[22.2, 22.2, 27.3, 27.3, 58.0, 58.0, 24.4, 24.4, 19.8, 19.8, 81.9, 81.9, 44.8, 44.8, 51.1, 51.1]",10000,16,-13.854518172304957,-48442.65712587259,teststvmultiple,thiele_approvalindependent
125,129d557da7372aabbfbd5a87361fbe8b8b90dd782b0a5df54593c55b4f3978bbthiele_pav,8b90dd782b0a5df54593c55b4f3978bb,129d557da7372aabbfbd5a87361fbe8b,OH,39,16,,,,,data/OH_individuals_with_FIP_more.csv,10000,['dem_partisan_score'],party,True,0.4265,0.5735,0.3125,0.6875,"[56.5, 28.6, 76.3, 43.5, 27.6, 67.1, 20.2, 35.5, 66.1, 39.7, 14.9, 14.6, 21.8, 43.4, 29.6, 94.2]",10000,16,-13.634889017837676,-30976.31406986729,teststvmultiple,thiele_pav
126,129d557da7372aabbfbd5a87361fbe8b8b90dd782b0a5df54593c55b4f3978bbthiele_squared,8b90dd782b0a5df54593c55b4f3978bb,129d557da7372aabbfbd5a87361fbe8b,OH,39,16,,,,,data/OH_individuals_with_FIP_more.csv,10000,['dem_partisan_score'],party,True,0.4265,0.5735,0.3125,0.6875,"[56.5, 28.6, 76.3, 43.5, 27.6, 67.1, 20.2, 35.5, 66.1, 39.7, 14.9, 14.6, 21.8, 43.4, 29.6, 94.2]",10000,16,-13.634889017837676,-30976.31406986729,teststvmultiple,thiele_squared
127,129d557da7372aabbfbd5a87361fbe8b8b90dd782b0a5df54593c55b4f3978bbthiele_approvalindependent,8b90dd782b0a5df54593c55b4f3978bb,129d557da7372aabbfbd5a87361fbe8b,OH,39,16,,,,,data/OH_individuals_with_FIP_more.csv,10000,['dem_partisan_score'],party,True,0.4265,0.5735,0.3125,0.6875,"[56.5, 28.6, 76.3, 43.5, 27.6, 67.1, 20.2, 35.5, 66.1, 39.7, 14.9, 14.6, 21.8, 43.4, 29.6, 94.2]",10000,16,-13.634889017837676,-30976.31406986729,teststvmultiple,thiele_approvalindependent
128,6726f18892773394297d0d0390b83ea17cde682840a4f49cbc782c3e76f8a1b0stv,7cde682840a4f49cbc782c3e76f8a1b0,6726f18892773394297d0d0390b83ea1,OH,39,16,100.0,1.0,party_first_then_partisanscore,,data/OH_individuals_with_FIP_more.csv,10000,['dem_partisan_score'],party,True,0.42974369364806,0.57025630635194,0.5,0.5,"[12.3, 11.6, 12.7, 45.7, 99.6, 2.0, 77.3, 53.0, 55.2, 99.2, 99.3, 1.4, 17.9, 99.3, 24.9, 53.0]",9871,16,-28.632800248937727,-21210.62124390049,teststvmultiple,stv
129,6726f18892773394297d0d0390b83ea13045bd31cec978d8a7ad59c00f81c85fstv,3045bd31cec978d8a7ad59c00f81c85f,6726f18892773394297d0d0390b83ea1,OH,39,16,100.0,1.0,party_first_then_partisanscore,,data/OH_individuals_with_FIP_more.csv,10000,['dem_partisan_score'],party,True,0.4265,0.5735,0.375,0.625,"[3.2, 11.9, 99.6, 95.6, 12.7, 2.0, 1.4, 84.8, 89.5, 17.9, 99.3, 77.3, 14.5, 38.6, 2.2, 27.5]",10000,16,-27.26621214790097,-28977.520450609263,teststvmultiple,stv
130,6726f18892773394297d0d0390b83ea18c97dc7effebc7643a0b20d6f70191d2stv,8c97dc7effebc7643a0b20d6f70191d2,6726f18892773394297d0d0390b83ea1,OH,39,16,100.0,1.0,party_first_then_partisanscore,,data/OH_individuals_with_FIP_more.csv,10000,['dem_partisan_score'],party,True,0.4265,0.5735,0.375,0.625,"[25.8, 16.5, 12.7, 95.6, 99.6, 2.0, 77.3, 84.8, 1.3, 2.2, 99.3, 1.4, 17.9, 89.5, 20.6, 27.5]",10000,16,-29.645176211339766,-26305.21882317536,teststvmultiple,stv
131,129d557da7372aabbfbd5a87361fbe8b7cde682840a4f49cbc782c3e76f8a1b0thiele_approvalindependent,7cde682840a4f49cbc782c3e76f8a1b0,129d557da7372aabbfbd5a87361fbe8b,OH,39,16,,,,,data/OH_individuals_with_FIP_more.csv,10000,['dem_partisan_score'],party,True,0.42974369364806,0.57025630635194,0.375,0.625,"[20.5, 39.2, 14.5, 34.2, 60.2, 13.6, 29.0, 35.5, 66.1, 93.4, 73.3, 24.3, 28.3, 70.6, 56.3, 34.9]",9871,16,-13.62600189723953,-29942.330760419754,teststvmultiple,thiele_approvalindependent
132,129d557da7372aabbfbd5a87361fbe8b7cde682840a4f49cbc782c3e76f8a1b0thiele_pav,7cde682840a4f49cbc782c3e76f8a1b0,129d557da7372aabbfbd5a87361fbe8b,OH,39,16,,,,,data/OH_individuals_with_FIP_more.csv,10000,['dem_partisan_score'],party,True,0.42974369364806,0.57025630635194,0.375,0.625,"[20.5, 39.2, 14.5, 34.2, 60.2, 13.6, 29.0, 35.5, 66.1, 93.4, 73.3, 24.3, 28.3, 70.6, 56.3, 34.9]",9871,16,-13.62600189723953,-29942.330760419754,teststvmultiple,thiele_pav
133,129d557da7372aabbfbd5a87361fbe8b7cde682840a4f49cbc782c3e76f8a1b0thiele_squared,7cde682840a4f49cbc782c3e76f8a1b0,129d557da7372aabbfbd5a87361fbe8b,OH,39,16,,,,,data/OH_individuals_with_FIP_more.csv,10000,['dem_partisan_score'],party,True,0.42974369364806,0.57025630635194,0.375,0.625,"[20.5, 39.2, 14.5, 34.2, 60.2, 13.6, 29.0, 35.5, 66.1, 93.4, 73.3, 24.3, 28.3, 70.6, 56.3, 34.9]",9871,16,-13.62600189723953,-29942.330760419754,teststvmultiple,thiele_squared
134,129d557da7372aabbfbd5a87361fbe8b8c97dc7effebc7643a0b20d6f70191d2thiele_pav,8c97dc7effebc7643a0b20d6f70191d2,129d557da7372aabbfbd5a87361fbe8b,OH,39,16,,,,,data/OH_individuals_with_FIP_more.csv,10000,['dem_partisan_score'],party,True,0.4265,0.5735,0.3125,0.6875,"[41.8, 30.6, 14.5, 88.7, 60.2, 13.6, 29.0, 44.9, 40.2, 28.3, 74.2, 24.3, 28.1, 53.5, 24.1, 81.6]",10000,16,-13.63927483318869,-29250.952082470896,teststvmultiple,thiele_pav
135,129d557da7372aabbfbd5a87361fbe8b8c97dc7effebc7643a0b20d6f70191d2thiele_approvalindependent,8c97dc7effebc7643a0b20d6f70191d2,129d557da7372aabbfbd5a87361fbe8b,OH,39,16,,,,,data/OH_individuals_with_FIP_more.csv,10000,['dem_partisan_score'],party,True,0.4265,0.5735,0.3125,0.6875,"[41.8, 30.6, 14.5, 88.7, 60.2, 13.6, 29.0, 44.9, 40.2, 28.3, 74.2, 24.3, 28.1, 53.5, 24.1, 81.6]",10000,16,-13.63927483318869,-29250.952082470896,teststvmultiple,thiele_approvalindependent
136,129d557da7372aabbfbd5a87361fbe8b8c97dc7effebc7643a0b20d6f70191d2thiele_squared,8c97dc7effebc7643a0b20d6f70191d2,129d557da7372aabbfbd5a87361fbe8b,OH,39,16,,,,,data/OH_individuals_with_FIP_more.csv,10000,['dem_partisan_score'],party,True,0.4265,0.5735,0.3125,0.6875,"[41.8, 30.6, 14.5, 88.7, 60.2, 13.6, 29.0, 44.9, 40.2, 28.3, 74.2, 24.3, 28.1, 53.5, 24.1, 81.6]",10000,16,-13.63927483318869,-29250.952082470896,teststvmultiple,thiele_squared
137,129d557da7372aabbfbd5a87361fbe8b3045bd31cec978d8a7ad59c00f81c85fthiele_approvalindependent,3045bd31cec978d8a7ad59c00f81c85f,129d557da7372aabbfbd5a87361fbe8b,OH,39,16,,,,,data/OH_individuals_with_FIP_more.csv,10000,['dem_partisan_score'],party,True,0.4265,0.5735,0.25,0.75,"[38.3, 25.4, 30.2, 88.2, 14.4, 13.0, 23.7, 44.9, 55.7, 27.5, 74.2, 40.2, 40.3, 29.4, 33.4, 84.0]",10000,16,-13.522416368916984,-29917.809541495808,teststvmultiple,thiele_approvalindependent
138,6726f18892773394297d0d0390b83ea197af7f6f9cc27c6c6425a6caa7ca0c16stv,97af7f6f9cc27c6c6425a6caa7ca0c16,6726f18892773394297d0d0390b83ea1,OH,39,16,100.0,1.0,party_first_then_partisanscore,,data/OH_individuals_with_FIP_more.csv,10000,['dem_partisan_score'],party,True,0.4265,0.5735,0.3125,0.6875,"[0.7, 89.5, 12.7, 99.3, 99.6, 3.2, 12.7, 2.0, 12.3, 99.3, 17.9, 20.9, 2.2, 25.8, 8.8, 99.2]",10000,16,-31.19757147692988,-25925.22007284372,teststvmultiple,stv
139,129d557da7372aabbfbd5a87361fbe8b3045bd31cec978d8a7ad59c00f81c85fthiele_squared,3045bd31cec978d8a7ad59c00f81c85f,129d557da7372aabbfbd5a87361fbe8b,OH,39,16,,,,,data/OH_individuals_with_FIP_more.csv,10000,['dem_partisan_score'],party,True,0.4265,0.5735,0.25,0.75,"[38.3, 25.4, 30.2, 88.2, 14.4, 13.0, 23.7, 44.9, 55.7, 27.5, 74.2, 40.2, 40.3, 29.4, 33.4, 84.0]",10000,16,-13.522416368916984,-29917.809541495808,teststvmultiple,thiele_squared
140,129d557da7372aabbfbd5a87361fbe8b3045bd31cec978d8a7ad59c00f81c85fthiele_pav,3045bd31cec978d8a7ad59c00f81c85f,129d557da7372aabbfbd5a87361fbe8b,OH,39,16,,,,,data/OH_individuals_with_FIP_more.csv,10000,['dem_partisan_score'],party,True,0.4265,0.5735,0.25,0.75,"[38.3, 25.4, 30.2, 88.2, 14.4, 13.0, 23.7, 44.9, 55.7, 27.5, 74.2, 40.2, 40.3, 29.4, 33.4, 84.0]",10000,16,-13.522416368916984,-29917.809541495808,teststvmultiple,thiele_pav
141,129d557da7372aabbfbd5a87361fbe8b97af7f6f9cc27c6c6425a6caa7ca0c16thiele_pav,97af7f6f9cc27c6c6425a6caa7ca0c16,129d557da7372aabbfbd5a87361fbe8b,OH,39,16,,,,,data/OH_individuals_with_FIP_more.csv,10000,['dem_partisan_score'],party,True,0.4265,0.5735,0.1875,0.8125,"[13.2, 57.3, 20.2, 45.1, 27.0, 37.8, 25.8, 44.6, 42.7, 75.3, 27.4, 32.9, 44.0, 22.7, 28.7, 94.1]",10000,16,-13.626999399950066,-29019.47670363768,teststvmultiple,thiele_pav
142,129d557da7372aabbfbd5a87361fbe8b97af7f6f9cc27c6c6425a6caa7ca0c16thiele_squared,97af7f6f9cc27c6c6425a6caa7ca0c16,129d557da7372aabbfbd5a87361fbe8b,OH,39,16,,,,,data/OH_individuals_with_FIP_more.csv,10000,['dem_partisan_score'],party,True,0.4265,0.5735,0.1875,0.8125,"[13.2, 57.3, 20.2, 45.1, 27.0, 37.8, 25.8, 44.6, 42.7, 75.3, 27.4, 32.9, 44.0, 22.7, 28.7, 94.1]",10000,16,-13.626999399950066,-29019.47670363768,teststvmultiple,thiele_squared
143,6726f18892773394297d0d0390b83ea1b6677c511d44a54d509457b773f459e3stv,b6677c511d44a54d509457b773f459e3,6726f18892773394297d0d0390b83ea1,OH,39,16,100.0,1.0,party_first_then_partisanscore,,data/OH_individuals_with_FIP_more.csv,10000,['dem_partisan_score'],party,True,0.4265,0.5735,0.3125,0.6875,"[0.7, 89.5, 25.6, 95.6, 1.0, 3.2, 12.7, 2.2, 12.3, 99.3, 77.3, 17.9, 1.3, 25.8, 2.0, 87.4]",10000,16,-29.182149697476408,-25602.15152026321,teststvmultiple,stv
144,6726f18892773394297d0d0390b83ea14cf4df7b3f5c0723d4c2dc7148797f65stv,4cf4df7b3f5c0723d4c2dc7148797f65,6726f18892773394297d0d0390b83ea1,OH,39,16,100.0,1.0,party_first_then_partisanscore,,data/OH_individuals_with_FIP_more.csv,10000,['dem_partisan_score'],party,True,0.4265,0.5735,0.3125,0.6875,"[77.3, 89.5, 1.0, 14.5, 25.6, 3.2, 12.7, 25.8, 95.6, 99.3, 0.7, 2.2, 1.3, 17.9, 2.0, 87.4]",10000,16,-31.43206366446305,-24372.434522844927,teststvmultiple,stv
145,129d557da7372aabbfbd5a87361fbe8b4cf4df7b3f5c0723d4c2dc7148797f65thiele_pav,4cf4df7b3f5c0723d4c2dc7148797f65,129d557da7372aabbfbd5a87361fbe8b,OH,39,16,,,,,data/OH_individuals_with_FIP_more.csv,10000,['dem_partisan_score'],party,True,0.4265,0.5735,0.25,0.75,"[22.9, 52.8, 25.0, 30.4, 33.9, 37.8, 25.8, 24.7, 70.1, 74.2, 13.0, 25.7, 41.7, 25.7, 46.1, 94.2]",10000,16,-13.614039599584316,-28397.0095278671,teststvmultiple,thiele_pav
146,6726f18892773394297d0d0390b83ea1ce03ac190a0aa8e539513c5983762c5fstv,ce03ac190a0aa8e539513c5983762c5f,6726f18892773394297d0d0390b83ea1,OH,39,16,100.0,1.0,party_first_then_partisanscore,,data/OH_individuals_with_FIP_more.csv,10000,['dem_partisan_score'],party,True,0.4265,0.5735,0.25,0.75,"[12.7, 89.5, 26.0, 45.7, 21.8, 3.2, 12.7, 3.6, 95.6, 99.3, 14.5, 99.2, 8.8, 17.9, 2.0, 20.6]",10000,16,-27.95920151828096,-24232.23648469914,teststvmultiple,stv
147,129d557da7372aabbfbd5a87361fbe8b97af7f6f9cc27c6c6425a6caa7ca0c16thiele_approvalindependent,97af7f6f9cc27c6c6425a6caa7ca0c16,129d557da7372aabbfbd5a87361fbe8b,OH,39,16,,,,,data/OH_individuals_with_FIP_more.csv,10000,['dem_partisan_score'],party,True,0.4265,0.5735,0.1875,0.8125,"[13.2, 57.3, 20.2, 45.1, 27.0, 37.8, 25.8, 44.6, 42.7, 75.3, 27.4, 32.9, 44.0, 22.7, 28.7, 94.1]",10000,16,-13.626999399950066,-29019.47670363768,teststvmultiple,thiele_approvalindependent
148,129d557da7372aabbfbd5a87361fbe8bb6677c511d44a54d509457b773f459e3thiele_pav,b6677c511d44a54d509457b773f459e3,129d557da7372aabbfbd5a87361fbe8b,OH,39,16,,,,,data/OH_individuals_with_FIP_more.csv,10000,['dem_partisan_score'],party,True,0.4265,0.5735,0.25,0.75,"[13.2, 57.3, 32.1, 50.1, 25.1, 37.8, 25.8, 28.7, 47.4, 75.3, 22.5, 26.2, 39.5, 22.0, 46.1, 94.2]",10000,16,-13.594406046849535,-28383.43786023992,teststvmultiple,thiele_pav
149,129d557da7372aabbfbd5a87361fbe8bb6677c511d44a54d509457b773f459e3thiele_squared,b6677c511d44a54d509457b773f459e3,129d557da7372aabbfbd5a87361fbe8b,OH,39,16,,,,,data/OH_individuals_with_FIP_more.csv,10000,['dem_partisan_score'],party,True,0.4265,0.5735,0.25,0.75,"[13.2, 57.3, 32.1, 50.1, 25.1, 37.8, 25.8, 28.7, 47.4, 75.3, 22.5, 26.2, 39.5, 22.0, 46.1, 94.2]",10000,16,-13.594406046849535,-28383.43786023992,teststvmultiple,thiele_squared
150,129d557da7372aabbfbd5a87361fbe8bb6677c511d44a54d509457b773f459e3thiele_approvalindependent,b6677c511d44a54d509457b773f459e3,129d557da7372aabbfbd5a87361fbe8b,OH,39,16,,,,,data/OH_individuals_with_FIP_more.csv,10000,['dem_partisan_score'],party,True,0.4265,0.5735,0.25,0.75,"[13.2, 57.3, 32.1, 50.1, 25.1, 37.8, 25.8, 28.7, 47.4, 75.3, 22.5, 26.2, 39.5, 22.0, 46.1, 94.2]",10000,16,-13.594406046849535,-28383.43786023992,teststvmultiple,thiele_approvalindependent
151,129d557da7372aabbfbd5a87361fbe8b4cf4df7b3f5c0723d4c2dc7148797f65thiele_squared,4cf4df7b3f5c0723d4c2dc7148797f65,129d557da7372aabbfbd5a87361fbe8b,OH,39,16,,,,,data/OH_individuals_with_FIP_more.csv,10000,['dem_partisan_score'],party,True,0.4265,0.5735,0.25,0.75,"[22.9, 52.8, 25.0, 30.4, 33.9, 37.8, 25.8, 24.7, 70.1, 74.2, 13.0, 25.7, 41.7, 25.7, 46.1, 94.2]",10000,16,-13.614039599584316,-28397.0095278671,teststvmultiple,thiele_squared
152,129d557da7372aabbfbd5a87361fbe8b4cf4df7b3f5c0723d4c2dc7148797f65thiele_approvalindependent,4cf4df7b3f5c0723d4c2dc7148797f65,129d557da7372aabbfbd5a87361fbe8b,OH,39,16,,,,,data/OH_individuals_with_FIP_more.csv,10000,['dem_partisan_score'],party,True,0.4265,0.5735,0.25,0.75,"[22.9, 52.8, 25.0, 30.4, 33.9, 37.8, 25.8, 24.7, 70.1, 74.2, 13.0, 25.7, 41.7, 25.7, 46.1, 94.2]",10000,16,-13.614039599584316,-28397.0095278671,teststvmultiple,thiele_approvalindependent
153,129d557da7372aabbfbd5a87361fbe8bce03ac190a0aa8e539513c5983762c5fthiele_pav,ce03ac190a0aa8e539513c5983762c5f,129d557da7372aabbfbd5a87361fbe8b,OH,39,16,,,,,data/OH_individuals_with_FIP_more.csv,10000,['dem_partisan_score'],party,True,0.4265,0.5735,0.25,0.75,"[16.9, 54.5, 29.7, 28.3, 38.5, 15.0, 25.8, 39.2, 70.1, 74.2, 43.6, 94.2, 26.1, 25.7, 46.1, 23.2]",10000,16,-13.645757268848804,-29345.34541208102,teststvmultiple,thiele_pav
154,129d557da7372aabbfbd5a87361fbe8bce03ac190a0aa8e539513c5983762c5fthiele_approvalindependent,ce03ac190a0aa8e539513c5983762c5f,129d557da7372aabbfbd5a87361fbe8b,OH,39,16,,,,,data/OH_individuals_with_FIP_more.csv,10000,['dem_partisan_score'],party,True,0.4265,0.5735,0.25,0.75,"[16.9, 54.5, 29.7, 28.3, 38.5, 15.0, 25.8, 39.2, 70.1, 74.2, 43.6, 94.2, 26.1, 25.7, 46.1, 23.2]",10000,16,-13.645757268848804,-29345.34541208102,teststvmultiple,thiele_approvalindependent
155,6726f18892773394297d0d0390b83ea164a8f628ad6c5daab0fa1ae363a1cf9bstv,64a8f628ad6c5daab0fa1ae363a1cf9b,6726f18892773394297d0d0390b83ea1,OH,39,16,100.0,1.0,party_first_then_partisanscore,,data/OH_individuals_with_FIP_more.csv,10000,['dem_partisan_score'],party,True,0.4265,0.5735,0.3125,0.6875,"[17.9, 20.0, 3.2, 45.7, 21.8, 99.5, 12.7, 99.3, 99.2, 89.8, 1.3, 95.6, 8.8, 10.3, 2.0, 12.7]",10000,16,-30.50557672791341,-23839.83964415685,teststvmultiple,stv
156,6726f18892773394297d0d0390b83ea1e9f4dad20bf8ac6a2a35dfcaa0cf344estv,e9f4dad20bf8ac6a2a35dfcaa0cf344e,6726f18892773394297d0d0390b83ea1,OH,39,16,100.0,1.0,party_first_then_partisanscore,,data/OH_individuals_with_FIP_more.csv,10000,['dem_partisan_score'],party,True,0.4265,0.5735,0.3125,0.6875,"[10.3, 86.0, 5.3, 16.5, 97.4, 99.5, 12.7, 11.6, 2.0, 20.9, 1.3, 95.6, 8.8, 17.9, 99.2, 20.0]",10000,16,-33.45277751266546,-23503.434713383023,teststvmultiple,stv
157,129d557da7372aabbfbd5a87361fbe8bce03ac190a0aa8e539513c5983762c5fthiele_squared,ce03ac190a0aa8e539513c5983762c5f,129d557da7372aabbfbd5a87361fbe8b,OH,39,16,,,,,data/OH_individuals_with_FIP_more.csv,10000,['dem_partisan_score'],party,True,0.4265,0.5735,0.25,0.75,"[16.9, 54.5, 29.7, 28.3, 38.5, 15.0, 25.8, 39.2, 70.1, 74.2, 43.6, 94.2, 26.1, 25.7, 46.1, 23.2]",10000,16,-13.645757268848804,-29345.34541208102,teststvmultiple,thiele_squared
158,129d557da7372aabbfbd5a87361fbe8b64a8f628ad6c5daab0fa1ae363a1cf9bthiele_squared,64a8f628ad6c5daab0fa1ae363a1cf9b,129d557da7372aabbfbd5a87361fbe8b,OH,39,16,,,,,data/OH_individuals_with_FIP_more.csv,10000,['dem_partisan_score'],party,True,0.4265,0.5735,0.25,0.75,"[24.6, 16.0, 23.1, 28.3, 38.5, 52.8, 25.0, 47.5, 94.0, 70.5, 44.0, 70.6, 26.1, 31.3, 46.1, 17.5]",10000,16,-13.623587272138934,-28052.26341265486,teststvmultiple,thiele_squared
159,129d557da7372aabbfbd5a87361fbe8b64a8f628ad6c5daab0fa1ae363a1cf9bthiele_approvalindependent,64a8f628ad6c5daab0fa1ae363a1cf9b,129d557da7372aabbfbd5a87361fbe8b,OH,39,16,,,,,data/OH_individuals_with_FIP_more.csv,10000,['dem_partisan_score'],party,True,0.4265,0.5735,0.25,0.75,"[24.6, 16.0, 23.1, 28.3, 38.5, 52.8, 25.0, 47.5, 94.0, 70.5, 44.0, 70.6, 26.1, 31.3, 46.1, 17.5]",10000,16,-13.623587272138934,-28052.26341265486,teststvmultiple,thiele_approvalindependent
160,129d557da7372aabbfbd5a87361fbe8b64a8f628ad6c5daab0fa1ae363a1cf9bthiele_pav,64a8f628ad6c5daab0fa1ae363a1cf9b,129d557da7372aabbfbd5a87361fbe8b,OH,39,16,,,,,data/OH_individuals_with_FIP_more.csv,10000,['dem_partisan_score'],party,True,0.4265,0.5735,0.25,0.75,"[24.6, 16.0, 23.1, 28.3, 38.5, 52.8, 25.0, 47.5, 94.0, 70.5, 44.0, 70.6, 26.1, 31.3, 46.1, 17.5]",10000,16,-13.623587272138934,-28052.26341265486,teststvmultiple,thiele_pav
161,129d557da7372aabbfbd5a87361fbe8be9f4dad20bf8ac6a2a35dfcaa0cf344ethiele_pav,e9f4dad20bf8ac6a2a35dfcaa0cf344e,129d557da7372aabbfbd5a87361fbe8b,OH,39,16,,,,,data/OH_individuals_with_FIP_more.csv,10000,['dem_partisan_score'],party,True,0.4265,0.5735,0.3125,0.6875,"[21.1, 55.5, 23.2, 40.1, 39.7, 52.8, 37.8, 50.1, 45.3, 17.5, 44.0, 52.1, 26.1, 28.1, 94.0, 16.5]",10000,16,-13.690115954926268,-27246.194215433272,teststvmultiple,thiele_pav
162,129d557da7372aabbfbd5a87361fbe8be9f4dad20bf8ac6a2a35dfcaa0cf344ethiele_approvalindependent,e9f4dad20bf8ac6a2a35dfcaa0cf344e,129d557da7372aabbfbd5a87361fbe8b,OH,39,16,,,,,data/OH_individuals_with_FIP_more.csv,10000,['dem_partisan_score'],party,True,0.4265,0.5735,0.3125,0.6875,"[21.1, 55.5, 23.2, 40.1, 39.7, 52.8, 37.8, 50.1, 45.3, 17.5, 44.0, 52.1, 26.1, 28.1, 94.0, 16.5]",10000,16,-13.690115954926268,-27246.194215433272,teststvmultiple,thiele_approvalindependent
163,129d557da7372aabbfbd5a87361fbe8be9f4dad20bf8ac6a2a35dfcaa0cf344ethiele_squared,e9f4dad20bf8ac6a2a35dfcaa0cf344e,129d557da7372aabbfbd5a87361fbe8b,OH,39,16,,,,,data/OH_individuals_with_FIP_more.csv,10000,['dem_partisan_score'],party,True,0.4265,0.5735,0.3125,0.6875,"[21.1, 55.5, 23.2, 40.1, 39.7, 52.8, 37.8, 50.1, 45.3, 17.5, 44.0, 52.1, 26.1, 28.1, 94.0, 16.5]",10000,16,-13.690115954926268,-27246.194215433272,teststvmultiple,thiele_squared
164,279e513253d79646162e1f4f86e183be3fd37b0523ef038863cdffd40dc369d5stv,3fd37b0523ef038863cdffd40dc369d5,279e513253d79646162e1f4f86e183be,OH,39,4,2000.0,1.0,party_first_then_partisanscore,1000.0,data/OH_individuals_with_FIP_more.csv,10000,['dem_partisan_score'],party,True,0.4144,0.5856,0.375,0.625,"[1.9, 5.7, 19.5, 95.7, 10.0, 80.2, 29.4, 99.2, 72.9, 1.9, 8.2, 21.7, 13.8, 73.7, 96.0, 32.6]",10000,16,-36.01017064953237,-58831.6004599653,2000votersstv,stv
165,279e513253d79646162e1f4f86e183bea4a1f428ca5892e1783d9731630ba131stv,a4a1f428ca5892e1783d9731630ba131,279e513253d79646162e1f4f86e183be,OH,39,2,2000.0,1.0,party_first_then_partisanscore,1000.0,data/OH_individuals_with_FIP_more.csv,10000,['dem_partisan_score'],party,True,0.4144,0.5856,0.375,0.625,"[1.5, 83.5, 97.0, 9.0, 18.7, 14.0, 61.7, 34.3, 21.0, 92.0, 99.2, 2.5, 8.5, 65.7, 30.4, 39.8]",10000,16,-36.13704274466132,-79245.80427489849,2000votersstv,stv
166,279e513253d79646162e1f4f86e183bec1e2b02779176556d7beb9b1ef1bf14astv,c1e2b02779176556d7beb9b1ef1bf14a,279e513253d79646162e1f4f86e183be,OH,39,2,2000.0,1.0,party_first_then_partisanscore,1000.0,data/OH_individuals_with_FIP_more.csv,10000,['dem_partisan_score'],party,True,0.4144,0.5856,0.375,0.625,"[18.1, 29.3, 92.9, 99.1, 8.4, 1.3, 81.6, 39.8, 37.3, 99.2, 5.7, 62.5, 92.8, 14.1, 19.8, 1.7]",10000,16,-36.45069744259431,-95710.59962681706,2000votersstv,stv
167,279e513253d79646162e1f4f86e183beb9d49b59e740d45e9f46fcea8b197270stv,b9d49b59e740d45e9f46fcea8b197270,279e513253d79646162e1f4f86e183be,OH,39,2,2000.0,1.0,party_first_then_partisanscore,1000.0,data/OH_individuals_with_FIP_more.csv,10000,['dem_partisan_score'],party,True,0.4144,0.5856,0.375,0.625,"[14.3, 2.1, 26.5, 99.1, 8.2, 92.1, 65.7, 39.8, 13.8, 37.3, 7.6, 61.6, 85.0, 1.6, 99.2, 21.7]",10000,16,-36.46626159086334,-101668.34204930904,2000votersstv,stv
168,279e513253d79646162e1f4f86e183bedb2049f4a6b4bc9db7a5e5f4e3f8e804stv,db2049f4a6b4bc9db7a5e5f4e3f8e804,279e513253d79646162e1f4f86e183be,OH,39,2,2000.0,1.0,party_first_then_partisanscore,1000.0,data/OH_individuals_with_FIP_more.csv,10000,['dem_partisan_score'],party,True,0.4144,0.5856,0.375,0.625,"[1.4, 8.7, 99.2, 61.6, 92.1, 26.7, 19.9, 39.8, 1.5, 9.0, 14.0, 95.3, 61.7, 99.2, 34.3, 21.7]",10000,16,-36.274028070134975,-77928.85612448624,2000votersstv,stv
169,279e513253d79646162e1f4f86e183be6336c962a2abe6fdda06619951e77080stv,6336c962a2abe6fdda06619951e77080,279e513253d79646162e1f4f86e183be,OH,39,2,2000.0,1.0,party_first_then_partisanscore,1000.0,data/OH_individuals_with_FIP_more.csv,10000,['dem_partisan_score'],party,True,0.4144,0.5856,0.4375,0.5625,"[1.4, 57.0, 21.6, 99.2, 98.2, 9.6, 30.4, 82.4, 1.5, 13.8, 9.0, 94.6, 61.7, 99.2, 34.3, 21.7]",10000,16,-36.3104613750286,-76550.63420826415,2000votersstv,stv
170,279e513253d79646162e1f4f86e183be81b89a88e7005fa1874ec2c0e0b1071fstv,81b89a88e7005fa1874ec2c0e0b1071f,279e513253d79646162e1f4f86e183be,OH,39,2,2000.0,1.0,party_first_then_partisanscore,1000.0,data/OH_individuals_with_FIP_more.csv,10000,['dem_partisan_score'],party,True,0.4144,0.5856,0.4375,0.5625,"[94.2, 1.4, 61.6, 7.4, 38.8, 21.7, 13.5, 99.2, 1.4, 18.8, 8.7, 99.2, 97.0, 92.1, 82.4, 27.1]",10000,16,-36.16020470223068,-89506.33803759786,2000votersstv,stv
171,279e513253d79646162e1f4f86e183be80ea7c61fd0e0ffeaef8856f748874cdstv,80ea7c61fd0e0ffeaef8856f748874cd,279e513253d79646162e1f4f86e183be,OH,39,2,2000.0,1.0,party_first_then_partisanscore,1000.0,data/OH_individuals_with_FIP_more.csv,10000,['dem_partisan_score'],party,True,0.4144,0.5856,0.375,0.625,"[5.9, 1.5, 13.8, 83.5, 61.7, 99.2, 34.3, 21.7, 21.6, 99.2, 7.0, 61.6, 1.3, 92.1, 13.7, 39.8]",10000,16,-36.31166693890239,-77558.70578763583,2000votersstv,stv
172,279e513253d79646162e1f4f86e183be97af85fcefb08a90984621abb51fdc03stv,97af85fcefb08a90984621abb51fdc03,279e513253d79646162e1f4f86e183be,OH,39,2,2000.0,1.0,party_first_then_partisanscore,1000.0,data/OH_individuals_with_FIP_more.csv,10000,['dem_partisan_score'],party,True,0.4144,0.5856,0.375,0.625,"[1.4, 43.8, 99.2, 98.2, 90.2, 9.6, 30.4, 22.0, 21.3, 1.5, 13.8, 9.0, 94.6, 68.6, 99.2, 34.3]",10000,16,-36.30248378252817,-77009.35461988195,2000votersstv,stv
173,279e513253d79646162e1f4f86e183be5956e1d6ce9af3ca652489e589ecbe1cstv,5956e1d6ce9af3ca652489e589ecbe1c,279e513253d79646162e1f4f86e183be,OH,39,2,2000.0,1.0,party_first_then_partisanscore,1000.0,data/OH_individuals_with_FIP_more.csv,10000,['dem_partisan_score'],party,True,0.4144,0.5856,0.375,0.625,"[11.6, 99.2, 7.0, 26.5, 40.6, 82.4, 97.7, 1.3, 96.0, 5.7, 85.0, 61.8, 1.7, 12.5, 34.3, 21.7]",10000,16,-36.42040091869772,-84251.88787528168,2000votersstv,stv
174,279e513253d79646162e1f4f86e183be8d0aae820c89529015a480179bb7c86fstv,8d0aae820c89529015a480179bb7c86f,279e513253d79646162e1f4f86e183be,OH,39,2,2000.0,1.0,party_first_then_partisanscore,1000.0,data/OH_individuals_with_FIP_more.csv,10000,['dem_partisan_score'],party,True,0.4144,0.5856,0.375,0.625,"[5.9, 1.5, 13.8, 83.5, 61.7, 99.2, 34.3, 17.9, 43.8, 99.2, 2.5, 8.5, 22.0, 82.4, 30.4, 92.9]",10000,16,-36.3266692241936,-80282.24272305617,2000votersstv,stv
175,279e513253d79646162e1f4f86e183be30c3a4d97fd8d44e76cda976494bc143stv,30c3a4d97fd8d44e76cda976494bc143,279e513253d79646162e1f4f86e183be,OH,39,4,2000.0,1.0,party_first_then_partisanscore,1000.0,data/OH_individuals_with_FIP_more.csv,10000,['dem_partisan_score'],party,True,0.4144,0.5856,0.375,0.625,"[13.8, 96.0, 32.6, 85.0, 99.3, 1.4, 36.0, 10.7, 10.0, 29.4, 82.1, 99.2, 1.9, 5.9, 18.7, 95.7]",10000,16,-35.958401147342954,-59274.59111297068,2000votersstv,stv
176,279e513253d79646162e1f4f86e183be7f30c28e571fd40ac5121607bcc0c248stv,7f30c28e571fd40ac5121607bcc0c248,279e513253d79646162e1f4f86e183be,OH,39,1,2000.0,1.0,party_first_then_partisanscore,1000.0,data/OH_individuals_with_FIP_more.csv,10000,['dem_partisan_score'],party,True,0.4144,0.5856,0.375,0.625,"[72.1, 95.5, 17.1, 31.1, 99.2, 13.8, 2.5, 1.6, 61.6, 7.4, 22.1, 10.9, 88.8, 38.5, 97.9, 27.1]",10000,16,-36.402535075428425,-131960.74215682576,2000votersstv,stv
177,279e513253d79646162e1f4f86e183bec162e5256d27c26444c8af1c9e35276fstv,c162e5256d27c26444c8af1c9e35276f,279e513253d79646162e1f4f86e183be,OH,39,8,2000.0,1.0,party_first_then_partisanscore,1000.0,data/OH_individuals_with_FIP_more.csv,10000,['dem_partisan_score'],party,True,0.4144,0.5856,0.375,0.625,"[99.2, 12.9, 92.2, 14.3, 21.3, 84.5, 99.0, 38.5, 3.8, 96.9, 23.6, 1.4, 99.2, 26.1, 10.9, 26.6]",10000,16,-34.864116318007675,-42615.72166122965,2000votersstv,stv
178,279e513253d79646162e1f4f86e183bef00f53e86a00bb8327719cbda30fd171stv,f00f53e86a00bb8327719cbda30fd171,279e513253d79646162e1f4f86e183be,OH,39,8,2000.0,1.0,party_first_then_partisanscore,1000.0,data/OH_individuals_with_FIP_more.csv,10000,['dem_partisan_score'],party,True,0.4144,0.5856,0.375,0.625,"[99.0, 38.5, 91.8, 13.7, 21.3, 84.5, 1.2, 21.7, 3.8, 96.9, 7.6, 22.4, 99.2, 25.9, 7.1, 99.2]",10000,16,-35.010312499515166,-43399.53915333707,2000votersstv,stv
179,279e513253d79646162e1f4f86e183be090f3764253c156891caf244f2dfa123stv,090f3764253c156891caf244f2dfa123,279e513253d79646162e1f4f86e183be,OH,39,8,2000.0,1.0,party_first_then_partisanscore,1000.0,data/OH_individuals_with_FIP_more.csv,10000,['dem_partisan_score'],party,True,0.4144,0.5856,0.4375,0.5625,"[91.8, 13.7, 7.6, 22.4, 92.8, 18.7, 21.6, 99.1, 3.8, 96.9, 11.6, 99.2, 99.2, 25.9, 98.5, 21.3]",10000,16,-35.3979532012154,-44142.94151328046,2000votersstv,stv
180,279e513253d79646162e1f4f86e183bea3eecddd1c7819eef1a48a9c2ee53f37stv,a3eecddd1c7819eef1a48a9c2ee53f37,279e513253d79646162e1f4f86e183be,OH,39,4,2000.0,1.0,party_first_then_partisanscore,1000.0,data/OH_individuals_with_FIP_more.csv,10000,['dem_partisan_score'],party,True,0.4144,0.5856,0.375,0.625,"[17.1, 32.6, 84.9, 98.9, 27.7, 1.2, 98.3, 81.6, 98.7, 37.3, 1.7, 19.0, 2.1, 99.3, 24.6, 10.7]",10000,16,-36.04246592444524,-61535.33445129669,2000votersstv,stv
181,279e513253d79646162e1f4f86e183be49b99920b4e37c232a66a111c953b875stv,49b99920b4e37c232a66a111c953b875,279e513253d79646162e1f4f86e183be,OH,39,4,2000.0,1.0,party_first_then_partisanscore,1000.0,data/OH_individuals_with_FIP_more.csv,10000,['dem_partisan_score'],party,True,0.4144,0.5856,0.375,0.625,"[99.3, 1.0, 29.6, 11.9, 10.0, 99.1, 82.1, 30.4, 13.8, 99.4, 92.2, 32.6, 1.9, 5.9, 18.7, 95.7]",10000,16,-35.83288126416509,-59917.35832700011,2000votersstv,stv
182,279e513253d79646162e1f4f86e183befb868480fc0c18ee70e6b287446723eastv,fb868480fc0c18ee70e6b287446723ea,279e513253d79646162e1f4f86e183be,OH,39,4,2000.0,1.0,party_first_then_partisanscore,1000.0,data/OH_individuals_with_FIP_more.csv,10000,['dem_partisan_score'],party,True,0.4144,0.5856,0.375,0.625,"[2.5, 72.9, 26.8, 12.5, 10.0, 99.1, 82.1, 30.4, 32.6, 11.6, 84.5, 99.2, 98.7, 1.9, 22.4, 8.7]",10000,16,-36.16035715287252,-61207.09844160579,2000votersstv,stv
183,279e513253d79646162e1f4f86e183be15620992987bb7e1e2b2ecace0ffafcdstv,15620992987bb7e1e2b2ecace0ffafcd,279e513253d79646162e1f4f86e183be,OH,39,4,2000.0,1.0,party_first_then_partisanscore,1000.0,data/OH_individuals_with_FIP_more.csv,10000,['dem_partisan_score'],party,True,0.4144,0.5856,0.375,0.625,"[1.0, 99.5, 26.8, 12.5, 27.7, 1.2, 98.3, 81.6, 13.8, 84.9, 36.5, 1.7, 8.9, 95.3, 61.8, 21.7]",10000,16,-36.08042754171099,-63991.90660530714,2000votersstv,stv
184,279e513253d79646162e1f4f86e183be77907aac38375897d42e53aa5de3af3estv,77907aac38375897d42e53aa5de3af3e,279e513253d79646162e1f4f86e183be,OH,39,4,2000.0,1.0,party_first_then_partisanscore,1000.0,data/OH_individuals_with_FIP_more.csv,10000,['dem_partisan_score'],party,True,0.4144,0.5856,0.375,0.625,"[74.1, 99.2, 27.7, 14.7, 5.7, 1.9, 18.7, 93.0, 99.3, 2.2, 9.8, 21.7, 71.8, 11.6, 96.5, 25.3]",10000,16,-36.17776607763364,-55933.8951893757,2000votersstv,stv
185,279e513253d79646162e1f4f86e183bedb2b54864fa55e59b21ce97f00a9b5b3stv,db2b54864fa55e59b21ce97f00a9b5b3,279e513253d79646162e1f4f86e183be,OH,39,4,2000.0,1.0,party_first_then_partisanscore,1000.0,data/OH_individuals_with_FIP_more.csv,10000,['dem_partisan_score'],party,True,0.4144,0.5856,0.375,0.625,"[99.3, 2.5, 37.1, 21.7, 5.7, 19.0, 1.4, 93.0, 10.0, 29.4, 99.1, 82.3, 10.9, 84.9, 96.5, 31.4]",10000,16,-36.04798726067767,-55809.262104573936,2000votersstv,stv
186,279e513253d79646162e1f4f86e183beab79c5e45374190838f358d956bce432stv,ab79c5e45374190838f358d956bce432,279e513253d79646162e1f4f86e183be,OH,39,4,2000.0,1.0,party_first_then_partisanscore,1000.0,data/OH_individuals_with_FIP_more.csv,10000,['dem_partisan_score'],party,True,0.4144,0.5856,0.375,0.625,"[74.1, 99.2, 27.7, 14.7, 13.8, 1.5, 34.3, 91.3, 1.9, 5.9, 18.7, 95.7, 11.1, 62.0, 26.8, 92.9]",10000,16,-36.35836540774541,-63261.60725365539,2000votersstv,stv
187,279e513253d79646162e1f4f86e183be2f36042122fe70dc4fefaec271e33eb0stv,2f36042122fe70dc4fefaec271e33eb0,279e513253d79646162e1f4f86e183be,OH,39,4,2000.0,1.0,party_first_then_partisanscore,1000.0,data/OH_individuals_with_FIP_more.csv,10000,['dem_partisan_score'],party,True,0.4144,0.5856,0.375,0.625,"[13.8, 98.8, 32.6, 91.4, 14.3, 82.1, 27.7, 98.3, 1.9, 5.9, 18.7, 95.7, 1.5, 37.5, 92.8, 15.5]",10000,16,-36.01775373072171,-61649.61857226306,2000votersstv,stv
188,279e513253d79646162e1f4f86e183be091298b3acbb473f9221c7075100c9b0stv,091298b3acbb473f9221c7075100c9b0,279e513253d79646162e1f4f86e183be,OH,39,8,2000.0,1.0,party_first_then_partisanscore,1000.0,data/OH_individuals_with_FIP_more.csv,10000,['dem_partisan_score'],party,True,0.4144,0.5856,0.375,0.625,"[91.8, 13.7, 95.7, 14.1, 92.8, 18.7, 99.3, 8.2, 1.6, 9.6, 11.6, 24.1, 97.8, 26.5, 98.5, 21.3]",10000,16,-35.37500920677118,-44867.65560365259,2000votersstv,stv
189,279e513253d79646162e1f4f86e183bebb39a9bea24b7c2e7cd2f3f5b9f995e8stv,bb39a9bea24b7c2e7cd2f3f5b9f995e8,279e513253d79646162e1f4f86e183be,OH,39,8,2000.0,1.0,party_first_then_partisanscore,1000.0,data/OH_individuals_with_FIP_more.csv,10000,['dem_partisan_score'],party,True,0.4144,0.5856,0.3125,0.6875,"[92.2, 14.3, 5.9, 99.5, 85.0, 1.7, 99.3, 8.2, 1.4, 15.5, 32.6, 7.5, 97.8, 26.5, 1.7, 21.5]",10000,16,-34.53694234100713,-46033.864986075496,2000votersstv,stv
190,279e513253d79646162e1f4f86e183be9627067387c34589bf3d936429e60dabstv,9627067387c34589bf3d936429e60dab,279e513253d79646162e1f4f86e183be,OH,39,8,2000.0,1.0,party_first_then_partisanscore,1000.0,data/OH_individuals_with_FIP_more.csv,10000,['dem_partisan_score'],party,True,0.4144,0.5856,0.375,0.625,"[92.2, 14.3, 5.9, 99.5, 85.0, 1.7, 99.3, 8.2, 13.8, 1.6, 17.1, 94.7, 23.0, 8.6, 97.8, 22.0]",10000,16,-34.817274428775754,-46433.767159543495,2000votersstv,stv
191,279e513253d79646162e1f4f86e183be7cde682840a4f49cbc782c3e76f8a1b0stv,7cde682840a4f49cbc782c3e76f8a1b0,279e513253d79646162e1f4f86e183be,OH,39,16,2000.0,1.0,party_first_then_partisanscore,1000.0,data/OH_individuals_with_FIP_more.csv,10000,['dem_partisan_score'],party,True,0.4215666532420459,0.5784333467579541,0.125,0.875,"[21.1, 13.5, 5.9, 2.2, 4.8, 13.7, 11.2, 11.6, 4.8, 95.4, 96.7, 33.5, 7.5, 22.4, 9.6, 11.6]",9932,16,-33.89487984442026,-29388.597013415525,2000votersstv,stv
192,279e513253d79646162e1f4f86e183be8b90dd782b0a5df54593c55b4f3978bbstv,8b90dd782b0a5df54593c55b4f3978bb,279e513253d79646162e1f4f86e183be,OH,39,16,2000.0,1.0,party_first_then_partisanscore,1000.0,data/OH_individuals_with_FIP_more.csv,10000,['dem_partisan_score'],party,True,0.4144,0.5856,0.125,0.875,"[9.6, 17.1, 99.1, 21.7, 25.3, 22.4, 21.1, 11.6, 4.8, 32.7, 10.7, 13.7, 24.0, 13.7, 29.4, 98.1]",10000,16,-34.24817751886839,-31026.44033980152,2000votersstv,stv
193,279e513253d79646162e1f4f86e183be8c97dc7effebc7643a0b20d6f70191d2stv,8c97dc7effebc7643a0b20d6f70191d2,279e513253d79646162e1f4f86e183be,OH,39,16,2000.0,1.0,party_first_then_partisanscore,1000.0,data/OH_individuals_with_FIP_more.csv,10000,['dem_partisan_score'],party,True,0.4144,0.5856,0.1875,0.8125,"[13.8, 2.2, 5.9, 97.5, 4.8, 13.7, 11.2, 16.6, 6.0, 18.0, 96.7, 33.5, 25.3, 8.2, 10.2, 98.1]",10000,16,-33.56380581713986,-28621.366633595164,2000votersstv,stv
194,279e513253d79646162e1f4f86e183be3045bd31cec978d8a7ad59c00f81c85fstv,3045bd31cec978d8a7ad59c00f81c85f,279e513253d79646162e1f4f86e183be,OH,39,16,2000.0,1.0,party_first_then_partisanscore,1000.0,data/OH_individuals_with_FIP_more.csv,10000,['dem_partisan_score'],party,True,0.4144,0.5856,0.1875,0.8125,"[17.1, 21.1, 4.8, 97.5, 21.7, 15.3, 8.7, 16.6, 9.6, 7.1, 96.7, 18.7, 27.4, 26.5, 11.6, 99.1]",10000,16,-34.48657410374938,-29139.81227763436,2000votersstv,stv
195,279e513253d79646162e1f4f86e183be97af7f6f9cc27c6c6425a6caa7ca0c16stv,97af7f6f9cc27c6c6425a6caa7ca0c16,279e513253d79646162e1f4f86e183be,OH,39,16,2000.0,1.0,party_first_then_partisanscore,1000.0,data/OH_individuals_with_FIP_more.csv,10000,['dem_partisan_score'],party,True,0.4144,0.5856,0.1875,0.8125,"[11.1, 99.4, 21.9, 27.1, 8.7, 13.5, 3.3, 13.7, 2.2, 96.7, 7.1, 23.6, 29.4, 21.1, 27.1, 99.1]",10000,16,-34.03295947753192,-27237.29620105413,2000votersstv,stv
196,279e513253d79646162e1f4f86e183beb6677c511d44a54d509457b773f459e3stv,b6677c511d44a54d509457b773f459e3,279e513253d79646162e1f4f86e183be,OH,39,16,2000.0,1.0,party_first_then_partisanscore,1000.0,data/OH_individuals_with_FIP_more.csv,10000,['dem_partisan_score'],party,True,0.4144,0.5856,0.25,0.75,"[11.1, 99.4, 25.1, 27.1, 8.7, 13.5, 3.3, 29.8, 2.6, 96.7, 14.0, 6.9, 8.4, 21.1, 92.1, 98.1]",10000,16,-34.46850764450741,-26769.48130887685,2000votersstv,stv
197,279e513253d79646162e1f4f86e183be29255270c24d5f8828ee26073e645bfestv,29255270c24d5f8828ee26073e645bfe,279e513253d79646162e1f4f86e183be,OH,39,8,2000.0,1.0,party_first_then_partisanscore,1000.0,data/OH_individuals_with_FIP_more.csv,10000,['dem_partisan_score'],party,True,0.4144,0.5856,0.375,0.625,"[92.2, 14.3, 17.1, 93.0, 1.6, 13.8, 99.3, 8.2, 5.9, 96.9, 92.2, 13.5, 97.8, 25.9, 26.5, 6.3]",10000,16,-35.11352773840525,-42727.17104455672,2000votersstv,stv
198,279e513253d79646162e1f4f86e183be4cf4df7b3f5c0723d4c2dc7148797f65stv,4cf4df7b3f5c0723d4c2dc7148797f65,279e513253d79646162e1f4f86e183be,OH,39,16,2000.0,1.0,party_first_then_partisanscore,1000.0,data/OH_individuals_with_FIP_more.csv,10000,['dem_partisan_score'],party,True,0.4144,0.5856,0.25,0.75,"[14.0, 8.2, 9.6, 27.1, 25.1, 13.5, 3.3, 21.1, 97.9, 96.7, 11.1, 29.0, 1.4, 13.8, 92.1, 99.1]",10000,16,-34.126349164888694,-27556.00752716032,2000votersstv,stv
199,279e513253d79646162e1f4f86e183be8410b147e1f0b40a48f57b973de38dcdstv,8410b147e1f0b40a48f57b973de38dcd,279e513253d79646162e1f4f86e183be,OH,39,8,2000.0,1.0,party_first_then_partisanscore,1000.0,data/OH_individuals_with_FIP_more.csv,10000,['dem_partisan_score'],party,True,0.4144,0.5856,0.375,0.625,"[97.8, 27.6, 5.9, 94.4, 84.5, 12.5, 17.1, 92.8, 99.3, 8.2, 13.8, 1.1, 33.3, 99.1, 21.9, 9.1]",10000,16,-34.995867757142264,-44128.60456298782,2000votersstv,stv
200,279e513253d79646162e1f4f86e183beb538597be5d5124fe10f8f0d03ec3a9cstv,b538597be5d5124fe10f8f0d03ec3a9c,279e513253d79646162e1f4f86e183be,OH,39,8,2000.0,1.0,party_first_then_partisanscore,1000.0,data/OH_individuals_with_FIP_more.csv,10000,['dem_partisan_score'],party,True,0.4144,0.5856,0.375,0.625,"[99.3, 18.9, 93.0, 17.1, 84.5, 12.5, 5.9, 96.9, 21.9, 9.1, 13.8, 1.1, 27.6, 98.3, 99.3, 24.6]",10000,16,-35.02903685992065,-44235.52547510767,2000votersstv,stv
201,279e513253d79646162e1f4f86e183bece03ac190a0aa8e539513c5983762c5fstv,ce03ac190a0aa8e539513c5983762c5f,279e513253d79646162e1f4f86e183be,OH,39,16,2000.0,1.0,party_first_then_partisanscore,1000.0,data/OH_individuals_with_FIP_more.csv,10000,['dem_partisan_score'],party,True,0.4144,0.5856,0.25,0.75,"[23.6, 8.2, 8.7, 23.0, 14.0, 11.9, 3.3, 1.7, 97.9, 96.7, 27.1, 99.1, 29.0, 13.8, 92.1, 25.5]",10000,16,-34.1624772403813,-28068.91121209439,2000votersstv,stv
202,279e513253d79646162e1f4f86e183beb5d82fbfb6e2c1aec3098cb58feb5af0stv,b5d82fbfb6e2c1aec3098cb58feb5af0,279e513253d79646162e1f4f86e183be,OH,39,8,2000.0,1.0,party_first_then_partisanscore,1000.0,data/OH_individuals_with_FIP_more.csv,10000,['dem_partisan_score'],party,True,0.4144,0.5856,0.375,0.625,"[13.8, 1.1, 20.4, 93.0, 84.5, 12.5, 5.9, 96.9, 7.9, 19.4, 22.1, 92.2, 8.2, 99.4, 14.3, 82.1]",10000,16,-34.96745254861038,-46225.63234118253,2000votersstv,stv
203,279e513253d79646162e1f4f86e183be64a8f628ad6c5daab0fa1ae363a1cf9bstv,64a8f628ad6c5daab0fa1ae363a1cf9b,279e513253d79646162e1f4f86e183be,OH,39,16,2000.0,1.0,party_first_then_partisanscore,1000.0,data/OH_individuals_with_FIP_more.csv,10000,['dem_partisan_score'],party,True,0.4144,0.5856,0.3125,0.6875,"[13.8, 11.1, 21.3, 23.0, 14.0, 10.7, 3.3, 96.7, 98.1, 93.8, 26.1, 97.9, 27.1, 18.6, 92.1, 23.6]",10000,16,-34.09764380571482,-26289.87958770907,2000votersstv,stv
204,279e513253d79646162e1f4f86e183bee9f4dad20bf8ac6a2a35dfcaa0cf344estv,e9f4dad20bf8ac6a2a35dfcaa0cf344e,279e513253d79646162e1f4f86e183be,OH,39,16,2000.0,1.0,party_first_then_partisanscore,1000.0,data/OH_individuals_with_FIP_more.csv,10000,['dem_partisan_score'],party,True,0.4144,0.5856,0.1875,0.8125,"[19.5, 96.7, 17.1, 1.9, 12.4, 10.7, 4.8, 1.7, 82.1, 24.6, 26.1, 25.9, 27.1, 13.8, 99.2, 21.1]",10000,16,-34.85071684919765,-26821.587612888827,2000votersstv,stv
